id,name,name_bn,location,address,latitude,longitude,description,image,category,phone,facebook,opening_time,closing_time,events,facilities,verified,demo
1,J M Sen Hall Durga Puja Mandap,জেএম সেন হল পূজামণ্ডপ,Rahmatganj,"J M Sen Hall, Rahmatganj, Chattogram, Bangladesh",22.343646,91.836155,"The central city puja mandap of Chattogram, organised by the Chattogram Mahangar Puja Udjapan Parishad on the J M Sen Hall field in the Rahmatganj area. National media have described it as the city's central puja mandap, and music and cultural programmes are held here during the festival.",https://upload.wikimedia.org/wikipedia/commons/2/22/JM_Sen_Hall%2C_Rahmatganj_%2801%29.jpg,Sarbojonin,+8801714408749,https://www.facebook.com/bdpup.cmp/,,,[],"[""Cultural Program""]",true,false
2,Hazari Lane Durga Puja,হাজারী লেইন দুর্গাপূজা,Chawkbazar,"Rashik Hazari Lane, Chawkbazar, Chattogram, Bangladesh",,,"One of the oldest Durga Puja mandaps in Chattogram; the committee marked the puja's 150th year in 2024. Besides Durga Puja it organises pujas of other deities through the year, and its evening arati with women's dhunuchi dance is a known attraction.",,Sarbojonin,,,,,[],[],true,false
3,Panchbari Puja Udjapan Parishad,পাঁচবাড়ি পূজা উদযাপন পরিষদ,Patharghata,"Banshal Road, Patharghata, Chattogram, Bangladesh",,,"Traditional community puja on Banshal Road in the Patharghata area. A 2024 report said it marked its 74th year, with the theme 'destruction of demonic power' (অসুর শক্তির বিনাশ).",,Sarbojonin,,,,,[],[],true,false
4,South Nalapara Sarbojanin Puja Parishad,দক্ষিণ নালাপাড়া সর্বজনীন পূজা পরিষদ,Nalapara,"South Nalapara Road, Sadarghat, Chattogram, Bangladesh",,,"A widely attended sarbojanin puja of South Nalapara; the committee has organised theme-based mandaps for several years, including a presentation on small ethnic communities in 2022. In 2026 the mandap was decorated around the theme 'Para-Mahalla' (neighbourhood).",https://upload.wikimedia.org/wikipedia/commons/d/d9/Durga_puja_in_dokkhin_nalapara%2Cchittagong.jpg,Sarbojonin,,,,,[],[],true,false
5,Gosaildanga Ekata Gosthi Sarbojanin Durgotsab,গোসাইলডাঙ্গা একতা গোষ্ঠী সার্বজনীন দুর্গোৎসব,Gosaildanga,"Field in front of Chittagong Stock Exchange, 1080 Sheikh Mujib Road, Gosaildanga, Agrabad, Chattogram, Bangladesh",,,"Long-running sarbojanin durgotsab of the Gosaildanga area near Agrabad, which marked its 130th year in 2024, with the theme 'Durga in her own form' (দুর্গা স্ব-রূপা). The mandap is set up on a large open field in front of the Chittagong Stock Exchange building.",,Sarbojonin,,,,,[],[],true,false
6,Gosaildanga Sarodiya Durgotsab Udjapan Parishad (Baroari Puja),গোসাইলডাঙ্গা শারদীয় দুর্গোৎসব উদযাপন পরিষদ (বারোয়ারি পূজা),Gosaildanga,"Gosaildanga Bandar, Chattogram, Bangladesh",22.319304,91.810770,"Baroari (community-subscription) Durga Puja of the Gosaildanga Bandar area, recorded as a puja place of worship in publicly available map data.",,Barwari,,,,,[],[],true,false
7,Shmashaneshwar Shiv Bigraha Mandir Puja (Shib Bari),শ্মশানেশ্বর শিব বিগ্রহ মন্দির পূজা উদযাপন কমিটি (শিববাড়ি),Firingi Bazar,"Firingi Bazar (Shib Bari), Kotwali, Chattogram, Bangladesh",,,"Puja of the Shmashaneshwar Shiv Bigraha Mandir, known locally as Shib Bari, in Firingi Bazar; in 2024 the committee observed the puja's 95th year, making it one of the older puja venues of the city.",,Traditional,,,,,[],[],true,false
8,Uttar Kattali Kalibari Sarbojanin Puja Mandap,উত্তর কট্টলী কালীবাড়ি সার্বজনীন পূজা মণ্ডপ,Uttar Kattali,"Uttar Kattali, Chattogram, Bangladesh",,,"Sarbojanin puja mandap at the Uttar Kattali Kalibari in the north-western part of Chattogram. For Durga Puja 2026 its theme is 'Obinnoshor' (Indestructible), as reported on 3 October 2026.",,Sarbojonin,,,,,[],[],true,false
9,Prabartak Sangha Puja Mandap,প্রবর্তক সংঘ পূজামণ্ডপ,Panchlaish,"Prabartak Sangha (Bangladesh), Prabartak Circle, Panchlaish, Chattogram, Bangladesh",22.361861,91.828912,"Puja mandap on the premises of Prabartak Sangha (Bangladesh), a long-established humanitarian and educational institution at Prabartak Circle in Panchlaish. A newly constructed mandap was inaugurated here on 2 October 2026 ahead of Durga Puja 2026.",,Community,,,,,[],[],true,false
10,Enayet Bazar No. 1 Puja Mandap,১নং এনায়েত বাজার পূজা মণ্ডপ,Enayet Bazar,"Enayet Bazar Road, Chattogram, Bangladesh",22.341190,91.830307,"Neighbourhood puja mandap on Enayet Bazar Road, recorded as a Hindu place of worship in publicly available map data. The Enayetbazar-Goalpara area is one of the city's traditional idol-making (pratimaloy) hubs in the run-up to Durga Puja.",,Community,,,,,[],[],true,false
11,Shyama Kali Bari Durga Mandir,শ্যামা কালীবাড়ি দুর্গা মন্দির,Akbarshah,"New Shahid Lane, Akbarshah, Chattogram, Bangladesh",22.359808,91.789754,"Hindu temple and mandir complex on New Shahid Lane in the Akbarshah area of Chattogram, recorded as a place of worship in publicly available map data.",,Temple,,,,,[],[],false,false
12,Chittagong Port Puja Temple,চট্টগ্রাম বন্দর পূজা মন্দির,Port Colony,"Port Colony, Road No. 3, Chattogram, Bangladesh",22.314758,91.805160,"Hindu temple in the Chittagong Port Colony area, recorded as a puja temple in publicly available map data.",,Temple,,,,,[],[],false,false
13,Sri Sri Kaibalyadham Durga Puja,শ্রীশ্রীকৈবল্যধাম দুর্গাপূজা (পাহাড়তলী),Pahartali,"Sri Sri Kaibalyadham, near Colonel Hat, Pahartali, Chattogram, Bangladesh",,,"Durga Puja of Sri Sri Kaibalyadham, the ashram established at Pahartali by Sri Sri Thakur Ramchandra Deb and inaugurated in 1930-31. According to the ashram's own history, Durga Puja with an idol of the goddess was first performed at the ashram in 1338 BS (1931).",,Traditional,,,,,[],[],true,false
14,"Binayak Sangha Puja Udjapan Parishad, North Halishahar Acharyyapara","বিনায়োগ সংঘ পূজা উদযাপন পরিষদ, উত্তর হালিশহর আচার্য্য পাড়া",North Halishahar,"Acharyyapara, North Halishahar, Chattogram, Bangladesh",,,"Neighbourhood Durga Puja committee of the Acharyyapara area in North Halishahar, Chattogram, which maintains an official Facebook page for its annual puja and puja-related events.",,Community,,https://www.facebook.com/binayogsongo/,,,[],[],true,false
15,Kolagaon Nabarun Durga Mandir,কোলাগাঁও নবারুণ দুর্গা মন্দির,Kolagaon,"Kolagaon, Patiya Upazila, Chattogram, Bangladesh",22.324472,91.881624,"Durga mandir at Kolagaon on the eastern side of the Karnaphuli, recorded as a place of worship in publicly available map data.",,Temple,,,,,[],[],false,false
16,Banigram Purba Para Sarbojanin Durga Puja Udjapan Parishad,বাণীগ্রাম পূর্বপাড়া সার্বজনীন দুর্গাপূজা উদযাপন পরিষদ,Banigram,"Banigram, Banshkhali Upazila, Chattogram, Bangladesh",,,"Village sarbojanin puja committee in Banigram of Banshkhali Upazila, Chattogram district, which runs an official Facebook page for its annual Durga Puja.",,Sarbojonin,,https://www.facebook.com/BPSDPUP/,,,[],[],true,false
17,"Sobuj Sangha Durga Puja Committee, Madhyam Shakpura","সবুজ সংঘ, মধ্যম শাকপুরা",Madhyam Shakpura,"Madhyam Shakpura, Ward 6, Shakpura Union, Boalkhali Upazila, Chattogram, Bangladesh",,,"Community Durga Puja organised by Sobuj Sangha at Madhyam Shakpura in Boalkhali Upazila, Chattogram district. The committee's Facebook page publishes its annual Sharadiya Durgotsab committee and contact details.",,Community,+8801819613504,https://www.facebook.com/sobujsongh0,,,[],[],true,false
18,"Nabajagaran Club Puja Udjapan Parishad, Madhyam Nalua","নবজাগরণ ক্লাব পূজা উদযাপন পরিষদ, মধ্যম নলুয়া",Madhyam Nalua,"Madhyam Nalua, Satkania Upazila, Chattogram, Bangladesh",,,"Puja committee of Nabajagaran Club at Madhyam Nalua in Satkania Upazila, Chattogram district, listed as a religious organisation maintaining an official Facebook page for its Durga Puja.",,Community,,https://www.facebook.com/Nbojagran.Club.puja/,,,[],[],true,false
19,"Saha Para Sarbojanin Durga Puja Udjapan Parishad, Dharmapur","সার্বজনীন দুর্গা পূজা উদযাপন পরিষদ, সাহা পাড়া, ধর্মপুর",Dharmapur,"Saha Para, Dharmapur, Satkania Upazila, Chattogram, Bangladesh",,,"Sarbojanin puja committee of Saha Para in Dharmapur, Satkania Upazila, Chattogram district, which maintains an official Facebook page for its Durga Puja.",,Sarbojonin,,https://www.facebook.com/Gangga.Temple/,,,[],[],true,false
20,1 no koyra sarbojanin shib mondir,,Khulna,Khulna,22.348956,89.291491,"Community (sarbojanin) puja venue listed in OpenStreetMap, Khulna.",,Sarbojonin,,,,,[],[],false,false
21,29 Mile Kali Temple,,,,25.963661,88.521744,Hindu place of worship listed in OpenStreetMap.,,Temple,,,,,[],[],false,false
22,29 miles Universal Durga Temple,,,,25.964005,88.524378,Hindu place of worship listed in OpenStreetMap.,,Temple,,,,,[],[],false,false
23,300 years old,,,,23.701846,90.421991,Hindu place of worship listed in OpenStreetMap.,,Temple,,,,,[],[],false,false
24,Aarakhali Sorbojanin Kali mondir,,Khulna,Khulna,22.552236,89.448516,"Hindu place of worship listed in OpenStreetMap, Khulna.",,Temple,,,,,[],[],false,false
25,Acharyapara Sarvajaneen Kalimata Mandir,,,,24.502016,89.510034,Hindu place of worship listed in OpenStreetMap.,,Temple,,,,,[],[],false,false
26,Adachki Kalibari Mondir,,,,24.319583,89.669471,Hindu place of worship listed in OpenStreetMap.,,Temple,,,,,[],[],false,false
27,Adhar Mnick Sorbojanin Kali Mondir,,Khulna,Khulna,22.497907,89.580057,"Hindu place of worship listed in OpenStreetMap, Khulna.",,Temple,,,,,[],[],false,false
28,Adharmanik Village Sorbojonin Durga Mondir,,Khulna,Khulna,22.593815,89.427576,"Hindu place of worship listed in OpenStreetMap, Khulna.",,Temple,,,,,[],[],false,false
29,Adharmanik Village Sree Sree Sojbojanin Mondir,,Khulna,Khulna,22.593830,89.427653,"Hindu place of worship listed in OpenStreetMap, Khulna.",,Temple,,,,,[],[],false,false
30,Adharmanik Village thakur bari Sojbojanin Kali Mondir,,Khulna,Khulna,22.593565,89.429526,"Hindu place of worship listed in OpenStreetMap, Khulna.",,Temple,,,,,[],[],false,false
31,Adinath Temple,আদিনাথ মন্দির,,Dhighi Road,21.528424,91.974990,Hindu place of worship listed in OpenStreetMap and Wikidata.,https://commons.wikimedia.org/wiki/Special:FilePath/Adinath_temple_2.JPG,Temple,,,,,[],[],true,false
32,Adittopur ramkrisno akhra,,Sunamganj,Sunamganj,24.631386,91.197512,"Hindu place of worship listed in OpenStreetMap, Sunamganj.",,Temple,,,,,[],[],false,false
33,Agniveer Dhaka,,,"Doyaganj New Rd, Dhaka",23.711222,90.423332,Hindu place of worship listed in OpenStreetMap.,,Temple,,,,,[],[],false,false
34,Ahmedpur Palpara Temple,,,"ahmedpur, Rajshahi - Dhaka Highway, Natore",24.352383,89.067270,Hindu place of worship listed in OpenStreetMap.,,Temple,,,,,[],[],false,false
35,AIUB Temple,,,,23.821630,90.426208,Hindu place of worship listed in OpenStreetMap.,,Temple,,,,,[],[],false,false
36,Akhra Bari,,,,22.625861,90.056792,Hindu place of worship listed in OpenStreetMap.,,Temple,,,,,[],[],false,false
37,Alangjury Universe Durgga Temple,,Sunamganj,sunamganj,24.759084,91.234535,"Hindu place of worship listed in OpenStreetMap, sunamganj.",,Temple,,,,,[],[],false,false
38,Amorbunia Sri Sri Sharbojonin Hori Mandir,,Bagerhat,Bagerhat,22.407755,89.732144,"Hindu place of worship listed in OpenStreetMap, Bagerhat.",,Temple,,,,,[],[],false,false
39,Amtol Moddhopara Sree Sree Setola Mondir,,Khulna,Khulna,22.470782,89.578131,"Hindu place of worship listed in OpenStreetMap, Khulna.",,Temple,,,,,[],[],false,false
40,Amtola Banishanta Sorbajanin Durga Mondir,,Khulna,Khulna,22.466701,89.582157,"Hindu place of worship listed in OpenStreetMap, Khulna.",,Temple,,,,,[],[],false,false
41,Ananda Ashram,,,,24.844701,89.362228,Hindu place of worship listed in OpenStreetMap.,,Temple,,,,,[],[],false,false
42,Anukul Takur temple,,,,25.014628,91.235794,Hindu place of worship listed in OpenStreetMap.,,Temple,,,,,[],[],false,false
43,Anukul Thakur Asrom,,Pabna,Pabna,23.998833,89.205960,"Hindu place of worship listed in OpenStreetMap, Pabna.",,Temple,,,,,[],[],false,false
44,Anukul Thakur’s Asram,অনুকূল ঠাকুর আশ্রম,Madan,"Fochika Road, Madan, 2490",24.722527,90.957029,"Hindu place of worship listed in OpenStreetMap, Madan.",,Temple,,,,,[],[],false,false
45,Anwarpur Durga Mondir,,Sunamganj,Sunamganj,25.076382,91.237346,"Hindu place of worship listed in OpenStreetMap, Sunamganj.",,Temple,,,,,[],[],false,false
46,Anwarpur Durga Mondir,,,,25.080429,91.237432,Hindu place of worship listed in OpenStreetMap.,,Temple,,,,,[],[],false,false
47,APSCL Temple,এপিএসসিএল মন্দির,,,24.040099,91.010140,Hindu place of worship listed in OpenStreetMap.,,Temple,,,,,[],[],false,false
48,Arakul Moth (Temple),,,,23.659781,90.422637,Hindu place of worship listed in OpenStreetMap.,,Temple,,,,,[],[],false,false
49,Aria Palpara Jagannath Temple,,,,24.735678,89.402826,Hindu place of worship listed in OpenStreetMap.,,Temple,,,,,[],[],false,false
50,Aria Palpara Mahashmash,,,,24.732915,89.402782,Hindu place of worship listed in OpenStreetMap.,,Temple,,,,,[],[],false,false
51,Aria Palpara Sarvajanin Durga Temple,,,,24.736186,89.401598,Hindu place of worship listed in OpenStreetMap.,,Temple,,,,,[],[],false,false
52,Ashulia Crematorium Ghat,,,,23.900625,90.328005,Hindu place of worship listed in OpenStreetMap.,,Temple,,,,,[],[],false,false
53,Askipara Mondir,,,,25.182768,90.287694,Hindu place of worship listed in OpenStreetMap.,,Temple,,,,,[],[],false,false
54,B K Sorbojonin Mondir,,Khulna,Khulna,22.314766,89.280310,"Hindu place of worship listed in OpenStreetMap, Khulna.",,Temple,,,,,[],[],false,false
55,Baba Loknath Temple Sutrapur,,,,24.090414,90.199139,Hindu place of worship listed in OpenStreetMap.,,Temple,,,,,[],[],false,false
56,Baba Loknath Temple,,,,25.812701,88.994376,Hindu place of worship listed in OpenStreetMap.,,Temple,,,,,[],[],false,false
57,Babur Barir Moth,,,,22.923795,90.466195,Hindu place of worship listed in OpenStreetMap.,,Temple,,,,,[],[],false,false
58,Baburhat Durga Temple,,,,25.859487,88.856835,Hindu place of worship listed in OpenStreetMap.,,Temple,,,,,[],[],false,false
59,Badalgachhi Central Durga Temple,,,"Naogaon - Badalgachhi Hwy, Badalgachhi, Naogaon",24.964310,88.905115,Hindu place of worship listed in OpenStreetMap.,,Temple,,,,,[],[],false,false
60,Badlagachhi Central Temple and Ashram,,,,24.964777,88.906698,Hindu place of worship listed in OpenStreetMap.,,Temple,,,,,[],[],false,false
61,Bagbari Temple,,,,25.019766,90.028563,Hindu place of worship listed in OpenStreetMap.,,Temple,,,,,[],[],false,false
62,Baghaba Temple Baghaba(Bakshiya) Temple,,,,23.926278,90.654226,Hindu place of worship listed in OpenStreetMap.,,Temple,,,,,[],[],false,false
63,Bagicha Bazar Temple,,Sylhet,Sylhet,24.960984,92.015117,"Hindu place of worship listed in OpenStreetMap, Sylhet.",,Temple,,,,,[],[],false,false
64,Bahara Someswari Temple,,Sunamganj,Sunamganj,24.679916,91.279848,"Hindu place of worship listed in OpenStreetMap, Sunamganj.",,Temple,,,,,[],[],false,false
65,Bajuyadangi Khali Temple,,,Bajuyadangi Road,22.684282,89.053847,Hindu place of worship listed in OpenStreetMap.,,Temple,,,,,[],[],false,false
66,Bakalipara Temple,,,,24.095276,90.119879,Hindu place of worship listed in OpenStreetMap.,,Temple,,,,,[],[],false,false
67,bala bai kali mondir,,Khulna,khulna,22.609013,89.449050,"Hindu place of worship listed in OpenStreetMap, khulna.",,Temple,,,,,[],[],false,false
68,Balapara Public Shiv Mandir,,,,25.975290,88.841982,Hindu place of worship listed in OpenStreetMap.,,Temple,,,,,[],[],false,false
69,Baliram Mandir Kalirpat,,,,25.867473,89.531360,Hindu place of worship listed in OpenStreetMap.,,Temple,,,,,[],[],false,false
70,Bangkali Bazaar Kali Mandir,,,,25.762056,88.727301,Hindu place of worship listed in OpenStreetMap.,,Temple,,,,,[],[],false,false
71,Bangla Mandir / Dochala Bangla Mandir,,,,24.433385,89.552852,Hindu place of worship listed in OpenStreetMap.,,Temple,,,,,[],[],false,false
72,Baniajuri Maha Crematorium,,,,23.851075,89.934081,Hindu place of worship listed in OpenStreetMap.,,Temple,,,,,[],[],false,false
73,"Banik Bari, Durga Mandir",,,,24.058504,89.875581,Hindu place of worship listed in OpenStreetMap.,,Temple,,,,,[],[],false,false
74,Banishanta Sorbojanin Durga Mondir,,Khulna,Khulna,22.459561,89.583120,"Hindu place of worship listed in OpenStreetMap, Khulna.",,Temple,,,,,[],[],false,false
75,Bankal Durga Temple,,,Satkhira Kaligonj Hayway Road,22.691212,89.050758,Hindu place of worship listed in OpenStreetMap.,,Temple,,,,,[],[],false,false
76,Bara Anhik Mandir,বড় আহ্নিক মন্দির,,,24.362227,88.834783,Hindu place of worship listed in OpenStreetMap.,,Temple,,,,,[],[],false,false
77,Bara Rajarampur Central Temple,,,,25.395670,89.313914,Hindu place of worship listed in OpenStreetMap.,,Temple,,,,,[],[],false,false
78,Barabandar Harishava,বড়বন্দর হরিসভা,,,25.635336,88.642135,Hindu place of worship listed in OpenStreetMap.,,Temple,,,,,[],[],false,false
79,Baragacha Daspara Harimandir,,,,26.062156,88.823920,Hindu place of worship listed in OpenStreetMap.,,Temple,,,,,[],[],false,false
80,Barbaria Universal Sri Sri Kali Mandir,,,,23.910885,90.067781,Hindu place of worship listed in OpenStreetMap.,,Temple,,,,,[],[],false,false
81,Baroi para,,,,22.871176,89.550310,Hindu place of worship listed in OpenStreetMap.,,Temple,,,,,[],[],false,false
82,"Baroipara,Modhobari,Sree,Sree,Sarbojanin Durga Mondir",,,,24.023111,90.244224,Community (sarbojanin) puja venue listed in OpenStreetMap.,,Sarbojonin,,,,,[],[],false,false
83,Barthi Kali Mondir,,,,23.035398,90.209315,Hindu place of worship listed in OpenStreetMap.,,Temple,,,,,[],[],false,false
84,Baruipara Temple,,,Aminur To Rashid Road,22.694252,89.062675,Hindu place of worship listed in OpenStreetMap.,,Temple,,,,,[],[],false,false
85,BasakBari Durga Mondir,,,,25.642488,88.641702,Hindu place of worship listed in OpenStreetMap.,,Temple,,,,,[],[],false,false
86,Bashabati Sahapara Sarbojanin Shree Shree Hari Mandir,,,Sahapara Road,22.649283,89.790397,Community (sarbojanin) puja venue listed in OpenStreetMap.,,Sarbojonin,,,,,[],[],false,false
87,Bashabati Sarbajanin Puja Mandir,,,,22.651301,89.795201,Community (sarbojanin) puja venue listed in OpenStreetMap.,,Sarbojonin,,,,,[],[],false,false
88,Bashbari Sarbojonin Shri Shri Radha-Gobindo Mondir,,"Mohammadpur, Dhaka","G/38, Block # D, Bash Bari road, Mohammadpur, Dhaka, 1207",23.760244,90.359202,"Community (sarbojanin) puja venue listed in OpenStreetMap, Mohammadpur, Dhaka.",,Sarbojonin,,,,,[],[],false,false
89,BashuDeb Rishi,,,,25.128802,90.339636,Hindu place of worship listed in OpenStreetMap.,,Temple,,,,,[],[],false,false
90,Baspara Gangas Temple গঙ্গা মন্দির,Baspara Gangas Temple গঙ্গা মন্দির,,,23.434886,89.135863,Hindu place of worship listed in OpenStreetMap.,,Temple,,,,,[],[],false,false
91,Batazor Kali khola,,,,22.907350,90.253058,Hindu place of worship listed in OpenStreetMap.,,Temple,,,,,[],[],false,false
92,Batazore Kalikhola (বাটাজোড় কালীখোলা),Batazore Kalikhola (বাটাজোড় কালীখোলা),Barisal,"Agarpur Bazar Road (আগরপুর বাজার রোড), Barisal",22.908481,90.253051,"Hindu place of worship listed in OpenStreetMap, Barisal.",,Temple,,,,,[],[],false,false
93,Baura Bazar Durga Mondir,,,,26.250880,89.074046,Hindu place of worship listed in OpenStreetMap.,,Temple,,,,,[],[],false,false
94,"Bejpara Pujor Math, Jashore বেজপাড়া পুজোর মাঠ সর্বজনীন পূজা মন্দির","Bejpara Pujor Math, Jashore বেজপাড়া পুজোর মাঠ সর্বজনীন পূজা মন্দির",,,23.162220,89.214711,Community (sarbojanin) puja venue listed in OpenStreetMap.,,Sarbojonin,,,,,[],[],false,false
95,Bena pani sarbojonen hore mondir,,Khulna,Khulna,22.258377,89.332168,"Community (sarbojanin) puja venue listed in OpenStreetMap, Khulna.",,Sarbojonin,,,,,[],[],false,false
96,Bena pani sarbojonin kaly monder.,,Khulna,Khulna,22.256361,89.333573,"Community (sarbojanin) puja venue listed in OpenStreetMap, Khulna.",,Sarbojonin,,,,,[],[],false,false
97,Benapani sarbojonin basty mondir,,Khulna,Khulna,22.261221,89.326517,"Community (sarbojanin) puja venue listed in OpenStreetMap, Khulna.",,Sarbojonin,,,,,[],[],false,false
98,Benapani sarbojonin basty mondir.,,Khulna,Khulna,22.257130,89.333932,"Community (sarbojanin) puja venue listed in OpenStreetMap, Khulna.",,Sarbojonin,,,,,[],[],false,false
99,Benapani sarbojonin radhakrisno temple.,,Khulna,Khulna,22.261976,89.333967,"Community (sarbojanin) puja venue listed in OpenStreetMap, Khulna.",,Sarbojonin,,,,,[],[],false,false
100,Beutha Sarbajanina Temple,,,,23.848395,90.000935,Community (sarbojanin) puja venue listed in OpenStreetMap.,,Sarbojonin,,,,,[],[],false,false
101,Bhadra Harishava,,,,23.991693,89.846702,Hindu place of worship listed in OpenStreetMap.,,Temple,,,,,[],[],false,false
102,Bhaluka Iskon mandir,,,,24.406931,90.386538,Hindu place of worship listed in OpenStreetMap.,,Temple,,,,,[],[],false,false
103,Bhaluka Temple,,,,24.409682,90.388595,Hindu place of worship listed in OpenStreetMap.,,Temple,,,,,[],[],false,false
104,Bhaluka Upazila Central Harishava Mandir,,,,24.401480,90.384656,Hindu place of worship listed in OpenStreetMap.,,Temple,,,,,[],[],false,false
105,Bharoshapur Temple,,,,22.660010,89.642089,Hindu place of worship listed in OpenStreetMap.,,Temple,,,,,[],[],false,false
106,Bhatai Durga Mondir,,,,23.614343,89.182837,Hindu place of worship listed in OpenStreetMap.,,Temple,,,,,[],[],false,false
107,Bhatai Kali Mondir,,,,23.612960,89.184702,Hindu place of worship listed in OpenStreetMap.,,Temple,,,,,[],[],false,false
108,Bhola Nanda Giri Temple,,,,23.719581,90.424466,Hindu place of worship listed in OpenStreetMap.,,Temple,,,,,[],[],false,false
109,Bhuapur Bazar Central Kali Mondir,,,,24.463678,89.872510,Hindu place of worship listed in OpenStreetMap.,,Temple,,,,,[],[],false,false
110,Big Belail Gitanjali Universal Durga Temple,,,,24.839108,89.343480,Hindu place of worship listed in OpenStreetMap.,,Temple,,,,,[],[],false,false
111,Bimol Doctor Bari Mondir,,PatuaKhali,PatuaKhali,22.014224,90.434000,"Hindu place of worship listed in OpenStreetMap, PatuaKhali.",,Temple,,,,,[],[],false,false
112,Birgram Gauranga Mandir,,,,24.770370,89.352362,Hindu place of worship listed in OpenStreetMap.,,Temple,,,,,[],[],false,false
113,Birharji Akhra বিহারজী আখড়া,Birharji Akhra বিহারজী আখড়া,Natore,Natore,24.414764,88.986234,"Hindu place of worship listed in OpenStreetMap, Natore.",,Temple,,,,,[],[],false,false
114,Bishawnath temole,,,,24.821409,91.862900,Hindu place of worship listed in OpenStreetMap.,,Temple,,,,,[],[],false,false
115,Bishwanath Temple,বিশ্বনাথ মন্দির,Mymensingh,"Kali Bari Road, Mymensingh",24.751631,90.417460,"Hindu place of worship listed in OpenStreetMap and Wikidata, Mymensingh.",,Temple,,,,,[],[],true,false
116,Boalia sarker para,,,,25.156718,89.394409,Hindu place of worship listed in OpenStreetMap.,,Temple,,,,,[],[],false,false
117,Boaliya Durga Temple,,,Dhaka - Patuakhali Highway,22.580753,90.339900,Hindu place of worship listed in OpenStreetMap.,,Temple,,,,,[],[],false,false
118,Bodbuniya Kali mondir,,Khulna,Khulna,22.573879,89.454826,"Hindu place of worship listed in OpenStreetMap, Khulna.",,Temple,,,,,[],[],false,false
119,Bogura Bazar Mandir,,,,24.558422,89.502460,Hindu place of worship listed in OpenStreetMap.,,Temple,,,,,[],[],false,false
120,Boiragi Bari Sarbojonin Radha Gobindo Mondir,,Barguna,Barguna,22.116239,89.940978,"Community (sarbojanin) puja venue listed in OpenStreetMap, Barguna.",,Sarbojonin,,,,,[],[],false,false
121,Bolidara Mondir,,"Bolidara, Ranisankail","Bolidara, Ranisankail",25.908704,88.224887,"Hindu place of worship listed in OpenStreetMap, Bolidara, Ranisankail.",,Temple,,,,,[],[],false,false
122,Bongram Kali Mondir,,,,23.996237,89.474108,Hindu place of worship listed in OpenStreetMap.,,Temple,,,,,[],[],false,false
123,Bonodurgamata Temple Bonodurgamata Temple,,,"Raninagar, Naogaon",24.720643,88.928272,Hindu place of worship listed in OpenStreetMap.,,Temple,,,,,[],[],false,false
124,Borkondaj Bhaban Hori Temple,,Khulna,Khulna,22.420810,89.343975,"Hindu place of worship listed in OpenStreetMap, Khulna.",,Temple,,,,,[],[],false,false
125,Boro bari mondhir,,,,25.166428,89.378981,Hindu place of worship listed in OpenStreetMap.,,Temple,,,,,[],[],false,false
126,Boro Kalibari Mandir,বড় কালী বাড়ি মন্দির,,,24.755402,90.414124,Hindu place of worship listed in OpenStreetMap and Wikidata.,,Temple,,,,,[],[],true,false
127,Boro Kalibari Temple,,,,24.249876,89.916672,Hindu place of worship listed in OpenStreetMap.,,Temple,,,,,[],[],false,false
128,Boro monohoria Durga mondir,,,,23.731751,90.321046,Hindu place of worship listed in OpenStreetMap.,,Temple,,,,,[],[],false,false
129,Borobazar Sarbojonin Durga Puja Udjapon Porishod,,,"Bora Bazar Rd, Sitakund, Chittagong",22.620749,91.659472,Community (sarbojanin) puja venue listed in OpenStreetMap.,,Sarbojonin,,,,,[],[],false,false
130,Borogurgola Radha Gobindo Mondir,বড়গুড়গোলা রাধা গোবিন্দ মন্দির,,,25.637022,88.642849,Hindu place of worship listed in OpenStreetMap.,,Temple,,,,,[],[],false,false
131,Borohissa bazar durga temple,,,,24.764470,90.255287,Hindu place of worship listed in OpenStreetMap.,,Temple,,,,,[],[],false,false
132,Borokola Durga Kali Mondir,,,,25.096544,91.230245,Hindu place of worship listed in OpenStreetMap.,,Temple,,,,,[],[],false,false
133,boshundi kali temple,,Khulna,khulna,22.580300,89.495411,"Hindu place of worship listed in OpenStreetMap, khulna.",,Temple,,,,,[],[],false,false
134,Botgach Tola Kali Mondir বটগাছতলা কালী মন্দির,Botgach Tola Kali Mondir বটগাছতলা কালী মন্দির,,,24.883798,90.733681,Hindu place of worship listed in OpenStreetMap.,,Temple,,,,,[],[],false,false
135,Bottoli Shri Shri Maa Kali Temple,,,"Railway Station Road, Sitakund, Chittagong",22.620763,91.660876,Hindu place of worship listed in OpenStreetMap.,,Temple,,,,,[],[],false,false
136,Boumar Gachhtola Mandir,,,,22.604956,89.519765,Hindu place of worship listed in OpenStreetMap.,,Temple,,,,,[],[],false,false
137,Brahmanvita Dundunggi Universal Durga Mandav,,,,25.999077,88.635305,Hindu place of worship listed in OpenStreetMap.,,Temple,,,,,[],[],false,false
138,Brajar pur durga Temple,,Kurigram,Kurigram,25.620076,89.682091,"Hindu place of worship listed in OpenStreetMap, Kurigram.",,Temple,,,,,[],[],false,false
139,Brammon Mathh Kali Temple,,Bagerhat,Bagerhat,22.473685,89.633962,"Hindu place of worship listed in OpenStreetMap, Bagerhat.",,Temple,,,,,[],[],false,false
140,Bro Mijapur Soner para Mondir,,,,25.521739,89.280783,Hindu place of worship listed in OpenStreetMap.,,Temple,,,,,[],[],false,false
141,BSMRSTU Central Temple,,,,22.967323,89.815064,Hindu place of worship listed in OpenStreetMap.,,Temple,,,,,[],[],false,false
142,Bura Thakur,,,,26.136298,88.716349,Hindu place of worship listed in OpenStreetMap.,,Temple,,,,,[],[],false,false
143,Bura Vastu Mandir,,,,25.217682,90.139240,Hindu place of worship listed in OpenStreetMap.,,Temple,,,,,[],[],false,false
144,Burirahat Buri Mandir,,,,25.818248,89.238170,Hindu place of worship listed in OpenStreetMap.,,Temple,,,,,[],[],false,false
145,Cannikcor Kisno Temple,,Khulna,Khulna,22.554060,89.464839,"Hindu place of worship listed in OpenStreetMap, Khulna.",,Temple,,,,,[],[],false,false
146,Cascoul durga temple,,Kurigram,Kurigram,25.619587,89.687715,"Hindu place of worship listed in OpenStreetMap, Kurigram.",,Temple,,,,,[],[],false,false
147,Central Durga Temple,,,,25.940221,88.845292,Hindu place of worship listed in OpenStreetMap.,,Temple,,,,,[],[],false,false
148,Central Sri Sri Crematorium Kali Mandir Golapbagh Gobindaganj,,,,25.133506,89.388008,Hindu place of worship listed in OpenStreetMap.,,Temple,,,,,[],[],false,false
149,Central Sri Sri Vishnu Temple,,,,25.943645,88.845972,Hindu place of worship listed in OpenStreetMap.,,Temple,,,,,[],[],false,false
150,Central Temple,,,,24.012209,89.278966,Hindu place of worship listed in OpenStreetMap.,,Temple,,,,,[],[],false,false
151,Central temple of Bhurungamari ভূরুঙ্গামারী কেন্দ্রীয় মন্দির,Central temple of Bhurungamari ভূরুঙ্গামারী কেন্দ্রীয় মন্দির,,,26.116821,89.667430,Hindu place of worship listed in OpenStreetMap.,,Temple,,,,,[],[],false,false
152,Central Temple,,,Sherpur,25.019137,90.014981,Hindu place of worship listed in OpenStreetMap.,,Temple,,,,,[],[],false,false
153,Chabbish Hazari Shiv Mandir,,,,25.797217,89.239656,Hindu place of worship listed in OpenStreetMap.,,Temple,,,,,[],[],false,false
154,chaigharia Sarbojonin Kali Mandir,,,,24.955448,89.455894,Community (sarbojanin) puja venue listed in OpenStreetMap.,,Sarbojonin,,,,,[],[],false,false
155,chairman bijoybabu house temple,,Khulna,Khulna,22.380280,89.346960,"Hindu place of worship listed in OpenStreetMap, Khulna.",,Temple,,,,,[],[],false,false
156,CHAKRABARTY KUTHIR.,,,,23.973424,89.839004,Hindu place of worship listed in OpenStreetMap.,,Temple,,,,,[],[],false,false
157,Chalk Badekulpara Baroari Mondir,,,"Pabna Rd, Lalpur, Natore",24.184206,88.949745,Barowari (community-subscription) puja venue listed in OpenStreetMap.,,Barwari,,,,,[],[],false,false
158,Chalkpara Durga Mondir. (চকপাড়া দূর্গা মন্দির),Chalkpara Durga Mondir. (চকপাড়া দূর্গা মন্দির),"Basudebpur, Natore","Basudebpur, Natore, 6402",24.467834,88.966333,"Hindu place of worship listed in OpenStreetMap, Basudebpur, Natore.",,Temple,,,,,[],[],false,false
159,Chanda & Dakshin Dadra Universal Kali Mandir,,,"Joypurhat - Akkelpur Hwy, Joypurhat",25.046994,89.035230,Hindu place of worship listed in OpenStreetMap.,,Temple,,,,,[],[],false,false
160,Chander kandi,,,,23.354753,89.995186,Hindu place of worship listed in OpenStreetMap.,,Temple,,,,,[],[],false,false
161,Chandimura Mandir,,,,23.353345,91.131906,Hindu place of worship listed in OpenStreetMap.,,Temple,,,,,[],[],false,false
162,Chandranath Temple,চন্দ্রনাথ মন্দির,Chittagong,,22.633491,91.684661,Hindu place of worship listed in OpenStreetMap and Wikidata.,https://commons.wikimedia.org/wiki/Special:FilePath/Chandranath_Temple_2019-01-16_%2827%29.jpg,Temple,,,,,[],[],true,false
163,Changini Hindu Mandir,,,,23.278132,90.988219,Hindu place of worship listed in OpenStreetMap.,,Temple,,,,,[],[],false,false
164,Charakbari Mandir,,,,25.748340,89.226572,Hindu place of worship listed in OpenStreetMap.,,Temple,,,,,[],[],false,false
165,Chatteshwari Temple,,,Chatteswari Road,22.352745,91.826054,Hindu place of worship listed in OpenStreetMap.,,Temple,,,,,[],[],false,false
166,Chaya kalimondir,,Sunamganj,Sunamganj,24.733213,91.209301,"Hindu place of worship listed in OpenStreetMap, Sunamganj.",,Temple,,,,,[],[],false,false
167,Chelopara Durga mondir,,,,24.851620,89.376446,Hindu place of worship listed in OpenStreetMap.,,Temple,,,,,[],[],false,false
168,Chelopara Sarbojanin Shree Shree Kali Mandir,,,,24.850787,89.377142,Community (sarbojanin) puja venue listed in OpenStreetMap.,,Sarbojonin,,,,,[],[],false,false
169,Chintamoni,,,,24.416812,88.987654,Hindu place of worship listed in OpenStreetMap.,,Temple,,,,,[],[],false,false
170,Chopra Kalli Temple.,,Bagerhat,Bagerhat,22.505481,89.650781,"Hindu place of worship listed in OpenStreetMap, Bagerhat.",,Temple,,,,,[],[],false,false
171,Chota Govinda Temple,ছোট গোবিন্দ মন্দির,,,24.362323,88.834832,Hindu place of worship listed in OpenStreetMap.,,Temple,,,,,[],[],false,false
172,Choto Baishdia Bondor Mondir,,PatuaKhali,PatuaKhali,22.025620,90.418886,"Hindu place of worship listed in OpenStreetMap, PatuaKhali.",,Temple,,,,,[],[],false,false
173,Choto Kali Bari Temple,,,"Boroda Bishwas Rd, Salimpur, Chattogram",22.374638,91.765370,Hindu place of worship listed in OpenStreetMap.,,Temple,,,,,[],[],false,false
174,ChotoMonohoria Kali Mondir,,,,23.729687,90.322743,Hindu place of worship listed in OpenStreetMap.,,Temple,,,,,[],[],false,false
175,Choukuni south kali temple,,Khulna,Khulna,22.393487,89.321554,"Hindu place of worship listed in OpenStreetMap, Khulna.",,Temple,,,,,[],[],false,false
176,Chowdhury Bari Temple,,,,23.596863,89.829436,Hindu place of worship listed in OpenStreetMap.,,Temple,,,,,[],[],false,false
177,Chowdhury House Public Puja Celebration Mandap,,,"Chittagong - Rangamati Hwy, Raozan, Chattogram",22.534651,91.929133,Hindu place of worship listed in OpenStreetMap.,,Temple,,,,,[],[],false,false
178,Chowdhurygram Sri Sri Shitla Mondir,,,"Chowdhury Gram Road, Bariyadhala, Chattogram",22.667836,91.636807,Hindu place of worship listed in OpenStreetMap.,,Temple,,,,,[],[],false,false
179,Chulkati Mondir,,,,22.702363,89.651429,Hindu place of worship listed in OpenStreetMap.,,Temple,,,,,[],[],false,false
180,College Para Durga mondir,,,,25.861634,88.651976,Hindu place of worship listed in OpenStreetMap.,,Temple,,,,,[],[],false,false
181,College Para Shree Shree Durga Mondir,,Alamdanga,"Alamdanga College Para, Alamdanga, 7210",23.755475,88.946082,"Hindu place of worship listed in OpenStreetMap, Alamdanga.",,Temple,,,,,[],[],false,false
182,Cremation Ground,,,,22.802154,89.540158,Hindu place of worship listed in OpenStreetMap.,,Temple,,,,,[],[],false,false
183,Dabir Bazar Durga Mondir,,,,26.025943,88.626453,Hindu place of worship listed in OpenStreetMap.,,Temple,,,,,[],[],false,false
184,Dabirbazer Durga Mondir,,,,26.028728,88.625658,Hindu place of worship listed in OpenStreetMap.,,Temple,,,,,[],[],false,false
185,Dadpur Daspara Durga Temple,,,,24.456525,89.542224,Hindu place of worship listed in OpenStreetMap.,,Temple,,,,,[],[],false,false
186,Dadpur Daspara Mahashmash,,,,24.463223,89.544943,Hindu place of worship listed in OpenStreetMap.,,Temple,,,,,[],[],false,false
187,Dagonbhuiyan Central Durga Mandir,,Daginbhuiyan,Daginbhuiyan,22.936887,91.307143,"Hindu place of worship listed in OpenStreetMap, Daginbhuiyan.",,Temple,,,,,[],[],false,false
188,Dakkhin Tafalbari Pashcim Sarbojononi Puja Mondir,,,,22.255903,89.834698,Community (sarbojanin) puja venue listed in OpenStreetMap.,,Sarbojonin,,,,,[],[],false,false
189,Dakshin Modinabad Komlabala Joggo Mondir,,Khulna,Khulna,22.349551,89.289017,"Hindu place of worship listed in OpenStreetMap, Khulna.",,Temple,,,,,[],[],false,false
190,Dakshin Muhsendi Sree Sree Shiv Temple,,,"Dholaikhal Rd, Dhaka",23.712922,90.414503,Hindu place of worship listed in OpenStreetMap.,,Temple,,,,,[],[],false,false
191,Dakshina Kali Mata Temple,,,,25.022144,90.012573,Hindu place of worship listed in OpenStreetMap.,,Temple,,,,,[],[],false,false
192,Dangmari Kali Mondir,,Khulna,Khulna,22.451356,89.547152,"Hindu place of worship listed in OpenStreetMap, Khulna.",,Temple,,,,,[],[],false,false
193,Dangmari Sree Sree Mondir,,Khulna,Khulna,22.466399,89.541974,"Hindu place of worship listed in OpenStreetMap, Khulna.",,Temple,,,,,[],[],false,false
194,Darvast Puja Mandap,,,,25.229218,89.360883,Hindu place of worship listed in OpenStreetMap.,,Temple,,,,,[],[],false,false
195,Dashalia Kali Temple,,Khulna,Khulna,22.380942,89.257468,"Hindu place of worship listed in OpenStreetMap, Khulna.",,Temple,,,,,[],[],false,false
196,Dashmail Durga Temple,,,,25.756991,88.673892,Hindu place of worship listed in OpenStreetMap.,,Temple,,,,,[],[],false,false
197,Dashovuja Mondir শ্রী শ্রী দশভুজা মন্দির,Dashovuja Mondir শ্রী শ্রী দশভুজা মন্দির,,,22.124885,91.916510,Hindu place of worship listed in OpenStreetMap.,,Temple,,,,,[],[],false,false
198,Dasvaia sarbojonin mondir,,,das bari lane,22.929412,89.668003,Community (sarbojanin) puja venue listed in OpenStreetMap.,,Sarbojonin,,,,,[],[],false,false
199,Datter Metho Purba Para Gobinda Mandir,,Bagerhat,Bagerhat,22.467561,89.668791,"Hindu place of worship listed in OpenStreetMap, Bagerhat.",,Temple,,,,,[],[],false,false
200,Datter Metho Purba Para Mandir,,Bagerhat,Bagerhat,22.469461,89.653496,"Hindu place of worship listed in OpenStreetMap, Bagerhat.",,Temple,,,,,[],[],false,false
201,Daudpur kali temple,,Sunamganj,Sunamganj,24.744797,91.228567,"Hindu place of worship listed in OpenStreetMap, Sunamganj.",,Temple,,,,,[],[],false,false
202,Daulatpur Krishna Temple,,,Bagbati Road,22.693660,89.041750,Hindu place of worship listed in OpenStreetMap.,,Temple,,,,,[],[],false,false
203,Daulatpur Universal Sri Sri Shashmankali and Durga Temple,,,,23.973672,89.835886,Hindu place of worship listed in OpenStreetMap.,,Temple,,,,,[],[],false,false
204,Dayagunj Jelepara Kali Temple,,,"dayagonj jelapara , Dhaka",23.710774,90.426477,Hindu place of worship listed in OpenStreetMap.,,Temple,,,,,[],[],false,false
205,Debiganj Krishna Mondir,,,,26.110553,88.770715,Hindu place of worship listed in OpenStreetMap.,,Temple,,,,,[],[],false,false
206,Debiganj Shree Hari Mondir,,,,26.124172,88.755363,Hindu place of worship listed in OpenStreetMap.,,Temple,,,,,[],[],false,false
207,deluti kali temple,,Khulna,khulna,22.580437,89.503636,"Hindu place of worship listed in OpenStreetMap, khulna.",,Temple,,,,,[],[],false,false
208,Deviganj Durga Temple,,,,25.769527,88.852300,Hindu place of worship listed in OpenStreetMap.,,Temple,,,,,[],[],false,false
209,Dhakeshwari National Temple,ঢাকেশ্বরী জাতীয় মন্দির,Dhaka,,23.722961,90.390015,Hindu place of worship listed in OpenStreetMap and Wikidata.,https://commons.wikimedia.org/wiki/Special:FilePath/%E0%A6%A2%E0%A6%BE%E0%A6%95%E0%A7%87%E0%A6%B6%E0%A7%8D%E0%A6%AC%E0%A6%B0%E0%A7%80_%E0%A6%AE%E0%A6%A8%E0%A7%8D%E0%A6%A6%E0%A6%BF%E0%A6%B0%E0%A5%A4.jpg,Temple,,,,,[],[],true,false
210,Dhanshagor Sri Sri Gobindo Mondir,,Bagerhat,Bagerhat,22.385409,89.804244,"Hindu place of worship listed in OpenStreetMap, Bagerhat.",,Temple,,,,,[],[],false,false
211,Dhaperhat Central Durga Mandir,,,,25.343998,89.342412,Hindu place of worship listed in OpenStreetMap.,,Temple,,,,,[],[],false,false
212,Dharagram Mondir,,,,24.713425,90.172446,Hindu place of worship listed in OpenStreetMap.,,Temple,,,,,[],[],false,false
213,Dhargram Hari and Kali Temple and Durga Puja Mandav,,,,24.717196,90.174141,Hindu place of worship listed in OpenStreetMap.,,Temple,,,,,[],[],false,false
214,Dhargram Majhipara Durga Puja Mandav,,,,24.719610,90.172601,Hindu place of worship listed in OpenStreetMap.,,Temple,,,,,[],[],false,false
215,Dhlatenggar Sarvajanin Sri Sri Radha Govinda Mandir,,,,24.352822,89.897166,Hindu place of worship listed in OpenStreetMap.,,Temple,,,,,[],[],false,false
216,Dhunut Central Baroari Gobindo Temple,,,,24.685731,89.542137,Barowari (community-subscription) puja venue listed in OpenStreetMap.,,Barwari,,,,,[],[],false,false
217,Dighirpar Gobinda mondir,,Khulna,Khulna,22.305001,89.299901,"Hindu place of worship listed in OpenStreetMap, Khulna.",,Temple,,,,,[],[],false,false
218,Dignogor Bazaar Central Temple,,,,23.302063,90.006211,Hindu place of worship listed in OpenStreetMap.,,Temple,,,,,[],[],false,false
219,Digraj Durga Mondir,,,,22.530879,89.590386,Hindu place of worship listed in OpenStreetMap.,,Temple,,,,,[],[],false,false
220,Doha Ghat,,,,23.444591,89.166036,Hindu place of worship listed in OpenStreetMap.,,Temple,,,,,[],[],false,false
221,Dokkhin kul Bormon Para Durga Mondir,,,,25.114464,91.219040,Hindu place of worship listed in OpenStreetMap.,,Temple,,,,,[],[],false,false
222,Dol Mandir,দোল মন্দির,,,24.362957,88.837305,Hindu place of worship listed in OpenStreetMap.,,Temple,,,,,[],[],false,false
223,Dongmari Vojon Khali Horisovha Onggon Mondir,,Khulna,Khulna,22.455102,89.569527,"Hindu place of worship listed in OpenStreetMap, Khulna.",,Temple,,,,,[],[],false,false
224,Doshani Sarbajanin Puja Mondir,,,,22.658223,89.779896,Community (sarbojanin) puja venue listed in OpenStreetMap.,,Sarbojonin,,,,,[],[],false,false
225,Dottobari Kalibari,,,,22.620878,91.662450,Hindu place of worship listed in OpenStreetMap.,,Temple,,,,,[],[],false,false
227,Dr. Kshirode Chandra Barman Smriti Mandir,,,,26.165197,88.659894,Hindu place of worship listed in OpenStreetMap.,,Temple,,,,,[],[],false,false
228,Durga Mandir,,Dhaka,"S.K Das Road, Dhaka",23.704346,90.419849,"Hindu place of worship listed in OpenStreetMap, Dhaka.",,Temple,,,,,[],[],false,false
229,Durga Mandir,,,,23.036672,89.632626,Hindu place of worship listed in OpenStreetMap.,,Temple,,,,,[],[],false,false
230,Durga Mandir Rajfulbaria,,,,23.811883,90.249057,Hindu place of worship listed in OpenStreetMap.,,Temple,,,,,[],[],false,false
231,Durga Mandir দুর্গা মন্দির,Durga Mandir দুর্গা মন্দির,,,25.012612,91.237653,Hindu place of worship listed in OpenStreetMap.,,Temple,,,,,[],[],false,false
232,Durga Mandir,,,,25.024297,90.006891,Hindu place of worship listed in OpenStreetMap.,,Temple,,,,,[],[],false,false
233,Durga Mandir,,,,26.277456,88.559521,Hindu place of worship listed in OpenStreetMap.,,Temple,,,,,[],[],false,false
234,Durga Mondir,দুর্গা মন্দির,,uttor mousondi,23.716247,90.415193,Hindu place of worship listed in OpenStreetMap.,,Temple,,,,,[],[],false,false
235,Durga Mondir,,,,24.809944,90.858827,Hindu place of worship listed in OpenStreetMap.,,Temple,,,,,[],[],false,false
236,Durga Mondir,,,,22.685654,90.065300,Hindu place of worship listed in OpenStreetMap.,,Temple,,,,,[],[],false,false
237,Durga Mondir,,,,24.853617,89.377865,Hindu place of worship listed in OpenStreetMap.,,Temple,,,,,[],[],false,false
238,Durga Mondir,,manikganj,"Gongadhorpotti Road, manikganj, 1800",23.861037,90.007110,"Hindu place of worship listed in OpenStreetMap, manikganj.",,Temple,,,,,[],[],false,false
239,Durga Mondir,,,,23.806066,90.180298,Hindu place of worship listed in OpenStreetMap.,,Temple,,,,,[],[],false,false
240,Durga Puja Mandap Bridge,,,,26.329552,88.552889,Hindu place of worship listed in OpenStreetMap.,,Temple,,,,,[],[],false,false
241,Durga Temple,,Barguna,Barguna,22.132710,89.963066,"Hindu place of worship listed in OpenStreetMap, Barguna.",,Temple,,,,,[],[],false,false
242,Durga Temple,,,,22.326202,89.832904,Hindu place of worship listed in OpenStreetMap.,,Temple,,,,,[],[],false,false
243,Durga Temple,,Khulna,Khulna,22.438728,89.347915,"Hindu place of worship listed in OpenStreetMap, Khulna.",,Temple,,,,,[],[],false,false
244,Durga Temple,,Khulna,Khulna,22.418433,89.450657,"Hindu place of worship listed in OpenStreetMap, Khulna.",,Temple,,,,,[],[],false,false
245,Durga Temple,,,,23.730834,90.399794,Hindu place of worship listed in OpenStreetMap.,,Temple,,,,,[],[],false,false
246,Durga Temple দুর্গা মন্দির,Durga Temple দুর্গা মন্দির,,,23.205515,91.920347,Hindu place of worship listed in OpenStreetMap.,,Temple,,,,,[],[],false,false
247,Durga Temple,,,,25.796088,88.954877,Hindu place of worship listed in OpenStreetMap.,,Temple,,,,,[],[],false,false
248,Durga Temple,,,"Kumira, Chittagong",22.510302,91.701954,Hindu place of worship listed in OpenStreetMap.,,Temple,,,,,[],[],false,false
249,Durgabari Mondir,,,,24.930412,89.943632,Hindu place of worship listed in OpenStreetMap.,,Temple,,,,,[],[],false,false
250,Durgapur Rishi Para Kali Mondir,,,,25.124267,90.681732,Hindu place of worship listed in OpenStreetMap.,,Temple,,,,,[],[],false,false
251,DuttaBari Loknath Temple,,,,24.855724,89.371976,Hindu place of worship listed in OpenStreetMap.,,Temple,,,,,[],[],false,false
252,East Baroipara Sri Sri Durga Mandir,,,,24.021184,90.247145,Hindu place of worship listed in OpenStreetMap.,,Temple,,,,,[],[],false,false
253,east hadda durga mondir,,Khulna,Khulna,22.471137,89.415844,"Hindu place of worship listed in OpenStreetMap, Khulna.",,Temple,,,,,[],[],false,false
254,East Para Kali Temple,,Khulna,Khulna,22.451391,89.351391,"Hindu place of worship listed in OpenStreetMap, Khulna.",,Temple,,,,,[],[],false,false
255,Ekta Sangh Mandap,,,Lengar Bazaar,24.749137,90.210178,Hindu place of worship listed in OpenStreetMap.,,Temple,,,,,[],[],false,false
256,Elashin Kali-Mandir,,,,24.134201,89.894358,Hindu place of worship listed in OpenStreetMap.,,Temple,,,,,[],[],false,false
257,Fachika Durga Mondir,ফচিকা দূর্গা মন্দির,,ফচিকা রোড,24.724325,90.956173,Hindu place of worship listed in OpenStreetMap.,,Temple,,,,,[],[],false,false
258,Faradpur Sri Sri Universal Kali Temple,,,Chittagong,22.679485,91.620260,Hindu place of worship listed in OpenStreetMap.,,Temple,,,,,[],[],false,false
259,Fazilpur-Chhanua Sahapara Sri Sri Durga Temple,,,,22.955663,91.471598,Hindu place of worship listed in OpenStreetMap.,,Temple,,,,,[],[],false,false
260,Ferick Dhanga Sorbo Janin Basandi Temple,,Khulna,Khulna,22.544642,89.470632,"Hindu place of worship listed in OpenStreetMap, Khulna.",,Temple,,,,,[],[],false,false
261,From the house of Lakurtala Kartik Mastar to the house of Narayan Bukragir,,Bagerhat,Bagerhat,22.281207,89.829159,"Hindu place of worship listed in OpenStreetMap, Bagerhat.",,Temple,,,,,[],[],false,false
262,Fultola Sarbojonin Temple,,,,22.266046,89.170044,Community (sarbojanin) puja venue listed in OpenStreetMap.,,Sarbojonin,,,,,[],[],false,false
263,Gabbuniya Milon Temple,,Khulna,Khulna,22.292427,89.315393,"Hindu place of worship listed in OpenStreetMap, Khulna.",,Temple,,,,,[],[],false,false
264,Gairnitay Mandir,,Sunamganj,Sunamganj,24.842454,91.216669,"Hindu place of worship listed in OpenStreetMap, Sunamganj.",,Temple,,,,,[],[],false,false
265,Gajener Dighi Kalimata Mandir,,,,25.758754,88.723047,Hindu place of worship listed in OpenStreetMap.,,Temple,,,,,[],[],false,false
266,Gariadaha Temple,,,,23.544386,89.533809,Hindu place of worship listed in OpenStreetMap.,,Temple,,,,,[],[],false,false
267,Gatir Gheri Sorbojonin Hori temple,,Khulna,Khulna,22.269506,89.331341,"Hindu place of worship listed in OpenStreetMap, Khulna.",,Temple,,,,,[],[],false,false
268,Gauranga Mahaprabhu Jiu (Akhra) Ashram,,,"Shekharnagar - Nimtola Rd, Shekharnagar",23.614365,90.327058,Hindu place of worship listed in OpenStreetMap.,,Temple,,,,,[],[],false,false
269,Gazaria Kanchanpur Kali Mandir,,,,24.085831,90.187812,Hindu place of worship listed in OpenStreetMap.,,Temple,,,,,[],[],false,false
270,Gazipur(Sorchapur) Krishna And Durga Mandir,,,,24.998488,90.357783,Hindu place of worship listed in OpenStreetMap.,,Temple,,,,,[],[],false,false
271,"Geeta Ashram, Khagrachhari গীতা আশ্রম, খাগড়াছড়ি","Geeta Ashram, Khagrachhari গীতা আশ্রম, খাগড়াছড়ি",,,23.109407,91.978163,Hindu place of worship listed in OpenStreetMap.,,Temple,,,,,[],[],false,false
272,General Durga Temple,,Khulna,Khulna,22.488592,89.470497,"Hindu place of worship listed in OpenStreetMap, Khulna.",,Temple,,,,,[],[],false,false
273,Gharinda Maha soshan ghat,,,,24.271043,89.937252,Hindu place of worship listed in OpenStreetMap.,,Temple,,,,,[],[],false,false
274,Ghosh Para Radha Gobindo Temple,,,,24.677465,89.415354,Hindu place of worship listed in OpenStreetMap.,,Temple,,,,,[],[],false,false
275,Ghurka Daspara Kalimata Mandir,,,,24.466463,89.537036,Hindu place of worship listed in OpenStreetMap.,,Temple,,,,,[],[],false,false
276,Ghurka Shri Shri Radha Govind Mondir,,,,24.472312,89.532466,Hindu place of worship listed in OpenStreetMap.,,Temple,,,,,[],[],false,false
277,GK Durga Ma Mandir,,,,25.050989,90.096689,Hindu place of worship listed in OpenStreetMap.,,Temple,,,,,[],[],false,false
278,"Gobinda Mandir, Boda (গোবিন্দ মন্দির, বোদা)",গোবিন্দ জিউ মন্দির,বোদা শহর,"Boda, বোদা শহর, 5010",26.197670,88.557095,"Hindu place of worship listed in OpenStreetMap, বোদা শহর.",,Temple,,,,,[],[],false,false
279,Gobindo Jew Mondir,,Thakurgaon,"College Road, Thakurgaon, 5100",26.037438,88.451623,"Hindu place of worship listed in OpenStreetMap, Thakurgaon.",,Temple,,,,,[],[],false,false
280,Gobindo Mondir,,Kurigram,Kurigram,25.598195,89.676050,"Hindu place of worship listed in OpenStreetMap, Kurigram.",,Temple,,,,,[],[],false,false
281,Gobindo Moth,,,,23.966158,90.204056,Hindu place of worship listed in OpenStreetMap.,,Temple,,,,,[],[],false,false
282,Gobindogonj Puja Mondir,,,,25.133913,89.387687,Hindu place of worship listed in OpenStreetMap.,,Temple,,,,,[],[],false,false
283,Godkhali Kali Mandir,,,,23.080017,89.056031,Hindu place of worship listed in OpenStreetMap.,,Temple,,,,,[],[],false,false
284,Gohail and Khandakshetra Radha Govinda Temple,,,,24.732776,89.313771,Hindu place of worship listed in OpenStreetMap.,,Temple,,,,,[],[],false,false
285,Gonari General Durga Temple,,Khulna,Khulna,22.505113,89.436027,"Hindu place of worship listed in OpenStreetMap, Khulna.",,Temple,,,,,[],[],false,false
286,Gopal Jew Mondir,,,,24.555176,89.504062,Hindu place of worship listed in OpenStreetMap.,,Temple,,,,,[],[],false,false
287,GopalganjHat Durga_Mondir,,,,25.673173,88.651798,Hindu place of worship listed in OpenStreetMap.,,Temple,,,,,[],[],false,false
288,Gopalpur Kali Bari,,,,24.565035,89.925861,Hindu place of worship listed in OpenStreetMap.,,Temple,,,,,[],[],false,false
289,Gopinath Akhara Family Temple,,,"56 Goal Nagar Lane, Dhaka",23.713875,90.409071,Hindu place of worship listed in OpenStreetMap.,,Temple,,,,,[],[],false,false
290,Gora Dongmari Sree Sree Kali Mondir,,Khulna,Khulna,22.444713,89.584274,"Hindu place of worship listed in OpenStreetMap, Khulna.",,Temple,,,,,[],[],false,false
291,Gorkhali Kachari para Matri mondir,,Khulna,Khulna,22.590061,89.420168,"Hindu place of worship listed in OpenStreetMap, Khulna.",,Temple,,,,,[],[],false,false
292,Goshai kachari kal voirob mondir,,,,24.681858,89.414281,Hindu place of worship listed in OpenStreetMap.,,Temple,,,,,[],[],false,false
293,Goshai Para Ma Kali Mondir,,,,24.681146,89.413428,Hindu place of worship listed in OpenStreetMap.,,Temple,,,,,[],[],false,false
294,Goshaildanga Hindu Temple,,,,22.320811,91.811901,Hindu place of worship listed in OpenStreetMap.,,Temple,,,,,[],[],false,false
295,Goswami Mohakali Mondir,,,,25.810869,89.127286,Hindu place of worship listed in OpenStreetMap.,,Temple,,,,,[],[],false,false
296,Gouri Moth Mondir,,Dhaka,"Narinda Road, Dhaka",23.714133,90.418949,"Hindu place of worship listed in OpenStreetMap, Dhaka.",,Temple,,,,,[],[],false,false
297,Govinda Temple in central ranisankaila,,,,25.891695,88.265588,Hindu place of worship listed in OpenStreetMap.,,Temple,,,,,[],[],false,false
298,Govindpur Durga Mandir,,,,25.144056,89.386358,Hindu place of worship listed in OpenStreetMap.,,Temple,,,,,[],[],false,false
299,Govt. Mondir,,Kurigram,Kurigram,25.601196,89.667639,"Hindu place of worship listed in OpenStreetMap, Kurigram.",,Temple,,,,,[],[],false,false
300,Goyani durga temple,,Sunamganj,Sunamganj,24.627651,91.187116,"Hindu place of worship listed in OpenStreetMap, Sunamganj.",,Temple,,,,,[],[],false,false
301,Gram kali temple,,,,23.981651,90.263094,Hindu place of worship listed in OpenStreetMap.,,Temple,,,,,[],[],false,false
302,Gramtola Kali Mondir,,,,24.719728,92.196709,Hindu place of worship listed in OpenStreetMap.,,Temple,,,,,[],[],false,false
303,gridhari mondir,,Khulna,khulna,22.614873,89.451993,"Hindu place of worship listed in OpenStreetMap, khulna.",,Temple,,,,,[],[],false,false
304,Gunagori mondir,,,,22.654083,91.637932,Hindu place of worship listed in OpenStreetMap.,,Temple,,,,,[],[],false,false
305,Gundail Uttar Para Barwari Sri Sri Durga Puja Temple,,,,24.625828,89.245146,Hindu place of worship listed in OpenStreetMap.,,Temple,,,,,[],[],false,false
306,Guptapara Mondir,,,,25.745390,89.256260,Hindu place of worship listed in OpenStreetMap.,,Temple,,,,,[],[],false,false
307,Guru Songho Loknath Mondir,,,,22.629382,90.065359,Hindu place of worship listed in OpenStreetMap.,,Temple,,,,,[],[],false,false
308,Hadda biswas bari shib temple,,Khulna,Khulna,22.468116,89.373440,"Hindu place of worship listed in OpenStreetMap, Khulna.",,Temple,,,,,[],[],false,false
309,Hadda char ghoriya para kali mondir,,Khulna,Khulna,22.466189,89.393325,"Hindu place of worship listed in OpenStreetMap, Khulna.",,Temple,,,,,[],[],false,false
310,Hadda chok jogdhatri temple,,Khulna,Khulna,22.461417,89.400477,"Hindu place of worship listed in OpenStreetMap, Khulna.",,Temple,,,,,[],[],false,false
311,Hadda chok kali temple,,Khulna,Khulna,22.467097,89.404308,"Hindu place of worship listed in OpenStreetMap, Khulna.",,Temple,,,,,[],[],false,false
312,Hadda chok shib temple,,Khulna,Khulna,22.464881,89.406054,"Hindu place of worship listed in OpenStreetMap, Khulna.",,Temple,,,,,[],[],false,false
313,Hadda d.m.r. chok hori temple,,Khulna,Khulna,22.464474,89.388841,"Hindu place of worship listed in OpenStreetMap, Khulna.",,Temple,,,,,[],[],false,false
314,Hadda d.m.r. chok kali temple,,Khulna,Khulna,22.464563,89.387145,"Hindu place of worship listed in OpenStreetMap, Khulna.",,Temple,,,,,[],[],false,false
315,Hadda Durga temple,,Khulna,Khulna,22.457653,89.399040,"Hindu place of worship listed in OpenStreetMap, Khulna.",,Temple,,,,,[],[],false,false
316,Hadda east shib temple,,Khulna,Khulna,22.453463,89.398018,"Hindu place of worship listed in OpenStreetMap, Khulna.",,Temple,,,,,[],[],false,false
317,Hadda govt bari matri mondir,,Khulna,Khulna,22.472735,89.401191,"Hindu place of worship listed in OpenStreetMap, Khulna.",,Temple,,,,,[],[],false,false
318,hadda kali mondir,,Khulna,Khulna,22.475858,89.402176,"Hindu place of worship listed in OpenStreetMap, Khulna.",,Temple,,,,,[],[],false,false
319,Hadda kalimatha temple,,Khulna,Khulna,22.455969,89.399177,"Hindu place of worship listed in OpenStreetMap, Khulna.",,Temple,,,,,[],[],false,false
320,Hadda pagol temple,,Khulna,Khulna,22.461324,89.396604,"Hindu place of worship listed in OpenStreetMap, Khulna.",,Temple,,,,,[],[],false,false
321,Hadda shib temple,,Khulna,Khulna,22.469079,89.363506,"Hindu place of worship listed in OpenStreetMap, Khulna.",,Temple,,,,,[],[],false,false
322,Hadda shordar bhabon temple,,Khulna,Khulna,22.451376,89.395315,"Hindu place of worship listed in OpenStreetMap, Khulna.",,Temple,,,,,[],[],false,false
323,Halder Bari Kali Mondir,,Bagerhat,Bagerhat,22.444762,89.804228,"Hindu place of worship listed in OpenStreetMap, Bagerhat.",,Temple,,,,,[],[],false,false
324,Jagannath Hall Mandir,,,,23.729240,90.394039,Hindu place of worship listed in OpenStreetMap.,,Temple,,,,,[],[],false,false
325,Hamdah Kali Mandir হামদহ কালী মন্দির,Hamdah Kali Mandir হামদহ কালী মন্দির,,,23.529308,89.172026,Hindu place of worship listed in OpenStreetMap.,,Temple,,,,,[],[],false,false
326,Hari Durga & Kali Mandir হরি দুর্গা ও কালীমন্দির,Hari Durga & Kali Mandir হরি দুর্গা ও কালীমন্দির,,,22.747912,91.743360,Hindu place of worship listed in OpenStreetMap.,,Temple,,,,,[],[],false,false
327,Hari Mandir(হরি মন্দির),Hari Mandir(হরি মন্দির),,"Dargah Bari Rd, Barisal",22.684345,90.353155,Hindu place of worship listed in OpenStreetMap.,,Temple,,,,,[],[],false,false
328,Hari Mandir,,,,25.811341,89.117166,Hindu place of worship listed in OpenStreetMap.,,Temple,,,,,[],[],false,false
329,Harichand Temple,,,,23.730544,90.399790,Hindu place of worship listed in OpenStreetMap.,,Temple,,,,,[],[],false,false
330,Harkali Varantal Durga Temple,,,,25.808310,89.131634,Hindu place of worship listed in OpenStreetMap.,,Temple,,,,,[],[],false,false
331,"Haroa, Kalibari (Temple), Lalpur - Gopalpur - Banpara Rd, Bonpara, Natore",,,,24.283398,89.065146,Hindu place of worship listed in OpenStreetMap.,,Temple,,,,,[],[],false,false
332,Hatikumrul Noborotno Mondir,,,,24.432907,89.552980,Hindu place of worship listed in OpenStreetMap.,,Temple,,,,,[],[],false,false
333,Hatlal schoolpara,,,,24.613221,89.224416,Hindu place of worship listed in OpenStreetMap.,,Temple,,,,,[],[],false,false
334,Hazatkhali Hori mondir,,Khulna,Khulna,22.289064,89.291586,"Hindu place of worship listed in OpenStreetMap, Khulna.",,Temple,,,,,[],[],false,false
335,Hazatkhali sorbojanin Durga Mondir,,Khulna,Khulna,22.290063,89.295250,"Hindu place of worship listed in OpenStreetMap, Khulna.",,Temple,,,,,[],[],false,false
336,Hindi temple,,,,22.338779,91.813380,Hindu place of worship listed in OpenStreetMap.,,Temple,,,,,[],[],false,false
337,Hindu Maha Smasana,,,,23.928850,89.866420,Hindu place of worship listed in OpenStreetMap.,,Temple,,,,,[],[],false,false
338,Hindu Mondir,,,,23.662131,90.455638,Hindu place of worship listed in OpenStreetMap.,,Temple,,,,,[],[],false,false
339,Hindu Temple,,Sylhet,Sylhet,24.895573,91.880234,"Hindu place of worship listed in OpenStreetMap, Sylhet.",,Temple,,,,,[],[],false,false
340,Hindu Temple,,,,24.972148,90.177064,Hindu place of worship listed in OpenStreetMap.,,Temple,,,,,[],[],false,false
341,Hindu Temple,,,"Naldanga, Natore",24.470710,88.954408,Hindu place of worship listed in OpenStreetMap.,,Temple,,,,,[],[],false,false
342,Hindu Temple,,,,25.019380,90.013007,Hindu place of worship listed in OpenStreetMap.,,Temple,,,,,[],[],false,false
343,Hogolpati Romesh Mondir,,Bagerhat,Bagerhat,22.340386,89.792504,"Hindu place of worship listed in OpenStreetMap, Bagerhat.",,Temple,,,,,[],[],false,false
344,Holud bunia sarbojonin kali mondir,,Khulna,Khulna,22.261198,89.320427,"Community (sarbojanin) puja venue listed in OpenStreetMap, Khulna.",,Sarbojonin,,,,,[],[],false,false
345,Hori Das Bojru Basi Sarbojonin Radha Gobindo Mondir,,Barguna,Barguna,22.099349,89.946160,"Community (sarbojanin) puja venue listed in OpenStreetMap, Barguna.",,Sarbojonin,,,,,[],[],false,false
346,Hori Mondir,,Bagerhat,Bagerhat,22.349004,89.780839,"Hindu place of worship listed in OpenStreetMap, Bagerhat.",,Temple,,,,,[],[],false,false
347,Hori Mondir,,Sunamganj,Sunamganj,24.859211,91.290920,"Hindu place of worship listed in OpenStreetMap, Sunamganj.",,Temple,,,,,[],[],false,false
348,Hori Shova Temple,,Khulna,Khulna,22.568767,89.456493,"Hindu place of worship listed in OpenStreetMap, Khulna.",,Temple,,,,,[],[],false,false
349,Hori Temple,,Bagerhat,Bagerhat,22.431563,89.717971,"Hindu place of worship listed in OpenStreetMap, Bagerhat.",,Temple,,,,,[],[],false,false
350,Horichar Temple,,Khulna,Khulna,22.445409,89.363555,"Hindu place of worship listed in OpenStreetMap, Khulna.",,Temple,,,,,[],[],false,false
351,Horiguru Chand Mondir,,Bagerhat,Bagerhat,22.349213,89.780831,"Hindu place of worship listed in OpenStreetMap, Bagerhat.",,Temple,,,,,[],[],false,false
352,Horihorpur Sorbojonin Durga Temple,,Khulna,Khulna,22.274376,89.323173,"Hindu place of worship listed in OpenStreetMap, Khulna.",,Temple,,,,,[],[],false,false
353,Horihorpur Sorbojonin Kali Temle,,Khulna,Khulna,22.274009,89.323261,"Hindu place of worship listed in OpenStreetMap, Khulna.",,Temple,,,,,[],[],false,false
354,horipod baoyalir bari kali temple,,Khulna,khulna,22.594681,89.483810,"Hindu place of worship listed in OpenStreetMap, khulna.",,Temple,,,,,[],[],false,false
355,Horisova Mondir হরিসভা মন্দির,Horisova Mondir হরিসভা মন্দির,,,23.607724,89.860727,Hindu place of worship listed in OpenStreetMap.,,Temple,,,,,[],[],false,false
356,I.D. Hospital Sharbojonin Puja Mondir,,,,23.775931,90.406371,Hindu place of worship listed in OpenStreetMap.,,Temple,,,,,[],[],false,false
358,ISCON,,,Dhaka,23.714093,90.422827,Hindu place of worship listed in OpenStreetMap.,,Temple,,,,,[],[],false,false
359,Iskcon Prabartak Sri Krishna Mandir,,,"Prabartak Circle, Bayazid Bostami Rd, Chattogram",22.362368,91.827735,Hindu place of worship listed in OpenStreetMap.,,Temple,,https://www.facebook.com/iskconchittagongbangladesh/,,,[],[],false,false
360,ISKCON Temple,,Khulna,Khulna,22.802276,89.540470,"Hindu place of worship listed in OpenStreetMap, Khulna.",,Temple,,,,,[],[],false,false
361,Iskon,,,,22.712443,90.358404,Hindu place of worship listed in OpenStreetMap.,,Temple,,,,,[],[],false,false
362,ISKON,,,Sylhet,24.898911,91.855459,Hindu place of worship listed in OpenStreetMap.,,Temple,,,,,[],[],false,false
363,Jaffrabad Universal Mother Temple,,,"Mohanagar - Borodarogarhat Rd, Chittagong",22.682952,91.621871,Hindu place of worship listed in OpenStreetMap.,,Temple,,,,,[],[],false,false
364,Jagabandhu Thakur-bari,,,,26.120702,88.755854,Hindu place of worship listed in OpenStreetMap.,,Temple,,,,,[],[],false,false
366,Jagannath Seva Sangha(ISKCON),,,,24.550130,89.502751,Hindu place of worship listed in OpenStreetMap.,,Temple,,,,,[],[],false,false
367,Jagannath Temple,রথ মন্দির,,,24.363914,88.837313,Hindu place of worship listed in OpenStreetMap.,,Temple,,,,,[],[],false,false
368,Jagannath Temple Balram House,,,"Banshbaria, Chittagong",22.548410,91.689122,Hindu place of worship listed in OpenStreetMap.,,Temple,,,,,[],[],false,false
369,Jagannathpur Kali Mandir,,,,25.348365,89.341554,Hindu place of worship listed in OpenStreetMap.,,Temple,,,,,[],[],false,false
370,Jahangirpur Mondir,জাহাঙ্গীরপুর মন্দির,,বৈশ্যপাড়া,24.715767,90.946497,Hindu place of worship listed in OpenStreetMap.,,Temple,,,,,[],[],false,false
371,Jai Kali Mandir,,,,23.721466,90.416847,Hindu place of worship listed in OpenStreetMap.,,Temple,,,,,[],[],false,false
372,Jaleswaritola Durga Mandir,,,,24.844520,89.375868,Hindu place of worship listed in OpenStreetMap.,,Temple,,,,,[],[],false,false
373,Jamalabaz Kali Tample,,Sunamganj,Sunamganj,25.111034,91.181053,"Hindu place of worship listed in OpenStreetMap, Sunamganj.",,Temple,,,,,[],[],false,false
374,Jamalgonj Durgha Mandir,,,Bosundora,24.994617,91.232846,Hindu place of worship listed in OpenStreetMap.,,Temple,,,,,[],[],false,false
375,Janani Durga Mandir,,,,24.139082,89.901090,Hindu place of worship listed in OpenStreetMap.,,Temple,,,,,[],[],false,false
376,JauTalla Services,,Bagerhat,Bagerhat,22.305697,89.827781,"Hindu place of worship listed in OpenStreetMap, Bagerhat.",,Temple,,,,,[],[],false,false
377,Jhutitola Temple,,,,22.720283,89.085823,Hindu place of worship listed in OpenStreetMap.,,Temple,,,,,[],[],false,false
378,Jodh Mandir,,,,24.767441,90.255791,Hindu place of worship listed in OpenStreetMap.,,Temple,,,,,[],[],false,false
379,jogonnath mondir,,Basurhat,Basurhat,22.873493,91.278680,"Hindu place of worship listed in OpenStreetMap, Basurhat.",,Temple,,,,,[],[],false,false
380,Jora Shiv Mandir,,Jessore,Jessore,23.145801,89.234027,"Hindu place of worship listed in OpenStreetMap, Jessore.",,Temple,,,,,[],[],false,false
381,Joseshwari Mandir,,,,22.306135,89.112739,Hindu place of worship listed in OpenStreetMap.,,Temple,,,,,[],[],false,false
382,Joy Kali Bari Temple,,,,24.416121,88.990458,Hindu place of worship listed in OpenStreetMap.,,Temple,,,,,[],[],false,false
383,JOY TARA TAMPLE,,,,25.524614,89.295004,Hindu place of worship listed in OpenStreetMap.,,Temple,,,,,[],[],false,false
384,JOYKALI MONDIR,,,,24.169695,89.000646,Hindu place of worship listed in OpenStreetMap.,,Temple,,,,,[],[],false,false
385,Joykhaar Purba Para Sorbojannin Durga Temple.,,Bagerhat,Bagerhat,22.510855,89.630354,"Hindu place of worship listed in OpenStreetMap, Bagerhat.",,Temple,,,,,[],[],false,false
386,JU Central Mondir,,"savar, Dhaka","savar, Dhaka, 1342",23.877288,90.272400,"Hindu place of worship listed in OpenStreetMap, savar, Dhaka.",,Temple,,,,,[],[],false,false
387,Jubilee Association public worship temple জয়ন্তী সংঘ সার্বজনীন পূজা মন্দির,Jubilee Association public worship temple জয়ন্তী সংঘ সার্বজনীন পূজা মন্দির,,,23.272071,89.243917,Community (sarbojanin) puja venue listed in OpenStreetMap.,,Sarbojonin,,,,,[],[],false,false
388,Jugesh Getidar Kali Mondir,,Khulna,Khulna,22.514083,89.492108,"Hindu place of worship listed in OpenStreetMap, Khulna.",,Temple,,,,,[],[],false,false
389,Kaali Mondir Mailora,,,,24.869884,90.981044,Hindu place of worship listed in OpenStreetMap.,,Temple,,,,,[],[],false,false
390,Kagail Mandir,,,,24.985452,89.398252,Hindu place of worship listed in OpenStreetMap.,,Temple,,,,,[],[],false,false
391,Kakrabuniya Sojbojanin Kali Temple,,Khulna,Khulna,22.542455,89.447438,"Hindu place of worship listed in OpenStreetMap, Khulna.",,Temple,,,,,[],[],false,false
392,Kal Bhairab Temple,"কালভৈরব মন্দির, ব্রাহ্মণবাড়ীয়া",Brahmanbaria District,,23.985928,91.112921,Hindu place of worship listed in OpenStreetMap and Wikidata.,https://commons.wikimedia.org/wiki/Special:FilePath/Kal_Bhairab_in_Brahmanbaria%2C_Bangladesh-2.jpg,Temple,,,,,[],[],true,false
393,Kalabagi Banbibi Temple,,Khulna,Khulna,22.419841,89.449875,"Hindu place of worship listed in OpenStreetMap, Khulna.",,Temple,,,,,[],[],false,false
394,Kalachand Mandir,,,,24.670896,89.419425,Hindu place of worship listed in OpenStreetMap.,,Temple,,,,,[],[],false,false
395,Kalbhairavi Temple,,,"Barabkunda, Chittagong",22.582277,91.700694,Hindu place of worship listed in OpenStreetMap.,,Temple,,,,,[],[],false,false
396,Kali Bari,,,,22.344137,91.784222,Hindu place of worship listed in OpenStreetMap.,,Temple,,,,,[],[],false,false
397,Kali Bari,,,,23.033526,89.396935,Hindu place of worship listed in OpenStreetMap.,,Temple,,,,,[],[],false,false
398,Kali Bari,,,,21.444187,91.973786,Hindu place of worship listed in OpenStreetMap.,,Temple,,,,,[],[],false,false
399,Kali Bari Sarbojonin Radha Gobindo Tample,,Barguna,Barguna,22.098541,89.947163,"Community (sarbojanin) puja venue listed in OpenStreetMap, Barguna.",,Sarbojonin,,,,,[],[],false,false
400,Kali Bari,,,Nath Para,22.539303,91.689282,Hindu place of worship listed in OpenStreetMap.,,Temple,,,,,[],[],false,false
401,Kali gas/ Temple,,Sunamganj,Sunamganj,24.765533,91.184769,"Hindu place of worship listed in OpenStreetMap, Sunamganj.",,Temple,,,,,[],[],false,false
402,Kali Mandir,,Bhola,Bhola,22.574313,90.745307,"Hindu place of worship listed in OpenStreetMap, Bhola.",,Temple,,,,,[],[],false,false
403,Kali Mandir কালী মন্দির,Kali Mandir কালী মন্দির,Rajshahi,Rajshahi,24.361801,88.625451,"Hindu place of worship listed in OpenStreetMap, Rajshahi.",,Temple,,,,,[],[],false,false
404,Kali Mandir কালীমন্দির,Kali Mandir কালীমন্দির,,,22.273756,91.787481,Hindu place of worship listed in OpenStreetMap.,,Temple,,,,,[],[],false,false
405,Kali Mandir কালীমন্দির,Kali Mandir কালীমন্দির,,,24.741521,90.425134,Hindu place of worship listed in OpenStreetMap.,,Temple,,,,,[],[],false,false
406,Kali Mandir,,,,24.937638,90.371218,Hindu place of worship listed in OpenStreetMap.,,Temple,,,,,[],[],false,false
407,Kali Mandir,,,,23.928753,89.868863,Hindu place of worship listed in OpenStreetMap.,,Temple,,,,,[],[],false,false
408,Kali Mandir,,,,25.217178,90.139170,Hindu place of worship listed in OpenStreetMap.,,Temple,,,,,[],[],false,false
409,Kali Mandir,,,,25.769311,88.731501,Hindu place of worship listed in OpenStreetMap.,,Temple,,,,,[],[],false,false
410,Kali Mandir,,,,26.179542,88.628470,Hindu place of worship listed in OpenStreetMap.,,Temple,,,,,[],[],false,false
411,Kali Mandir,,,,23.818043,90.342514,Hindu place of worship listed in OpenStreetMap.,,Temple,,,,,[],[],false,false
412,Kali Mandir,,Sunamganj,Sunamganj,24.846428,91.225422,"Hindu place of worship listed in OpenStreetMap, Sunamganj.",,Temple,,,,,[],[],false,false
413,Kali mata mondir,,,,25.051076,88.751829,Hindu place of worship listed in OpenStreetMap.,,Temple,,,,,[],[],false,false
414,Kali Mata Mondir কালী মাতা মন্দির,Kali Mata Mondir কালী মাতা মন্দির,,,25.105842,90.451784,Hindu place of worship listed in OpenStreetMap.,,Temple,,,,,[],[],false,false
415,Kali Mondir,,,,22.627957,90.059770,Hindu place of worship listed in OpenStreetMap.,,Temple,,,,,[],[],false,false
416,Kali Mondir,,,,25.708855,89.261147,Hindu place of worship listed in OpenStreetMap.,,Temple,,,,,[],[],false,false
417,kali mondir,,,,23.841606,89.885895,Hindu place of worship listed in OpenStreetMap.,,Temple,,,,,[],[],false,false
418,Kali mondir,,Khulna,Khulna,22.572544,89.441417,"Hindu place of worship listed in OpenStreetMap, Khulna.",,Temple,,,,,[],[],false,false
419,Kali Mondir,,Khulna,Khulna,22.819029,89.565493,"Hindu place of worship listed in OpenStreetMap, Khulna.",,Temple,,,,,[],[],false,false
420,Kali Mondir,,,,24.176850,89.596694,Hindu place of worship listed in OpenStreetMap.,,Temple,,,,,[],[],false,false
421,Kali Mondir,,,,23.290898,91.905926,Hindu place of worship listed in OpenStreetMap.,,Temple,,,,,[],[],false,false
422,Kali Mondir,,,Harishankarpur,23.561139,89.300002,Hindu place of worship listed in OpenStreetMap.,,Temple,,,,,[],[],false,false
423,Kali Mondir,,,,24.048456,89.868929,Hindu place of worship listed in OpenStreetMap.,,Temple,,,,,[],[],false,false
424,Kali Mondir,,,"Khaiyachara School Rd, Mirsharai, Chittagong",22.760482,91.581905,Hindu place of worship listed in OpenStreetMap.,,Temple,,,,,[],[],false,false
425,Kali Mondir,,,"Oci mia, Chodu Chowdhury Rd, Chattogram",22.338911,91.788961,Hindu place of worship listed in OpenStreetMap.,,Temple,,,,,[],[],false,false
426,Kali Temple,,Kurigram,Kurigram,25.632483,89.677751,"Hindu place of worship listed in OpenStreetMap, Kurigram.",,Temple,,,,,[],[],false,false
427,Kali Temple,,Kurigram,Kurigram,25.632883,89.668112,"Hindu place of worship listed in OpenStreetMap, Kurigram.",,Temple,,,,,[],[],false,false
428,Kali temple,,Khulna,Khulna,22.437558,89.444474,"Hindu place of worship listed in OpenStreetMap, Khulna.",,Temple,,,,,[],[],false,false
429,Kali Temple Arpara আড়পাড়া কালী মন্দির,Kali Temple Arpara আড়পাড়া কালী মন্দির,,,23.375577,89.368357,Hindu place of worship listed in OpenStreetMap.,,Temple,,,,,[],[],false,false
430,Kali Temple belaghariya Madhyapara,,,"Mohadevpur, Naogaon",24.865964,88.857163,Hindu place of worship listed in OpenStreetMap.,,Temple,,,,,[],[],false,false
431,Kali temple beside Khaser hat bazar,,Bhola,Bhola,22.591995,90.659606,"Hindu place of worship listed in OpenStreetMap, Bhola.",,Temple,,,,,[],[],false,false
432,Kali Temple,,,,24.476290,89.533337,Hindu place of worship listed in OpenStreetMap.,,Temple,,,,,[],[],false,false
433,"Kali Temple, Sri Haripad Mahajan Mahasmashan and Kali Mandir), M. A Aziz Road, Chattogram",,,,22.273299,91.787497,Hindu place of worship listed in OpenStreetMap.,,Temple,,,,,[],[],false,false
434,Kalia Haribasor,,kalia,"Boro Kalia Road, Kalia, 7520",23.042552,89.630370,"Hindu place of worship listed in OpenStreetMap, Kalia.",,Temple,,,,,[],[],false,false
435,Kaliakair South Palpara Universal Durga Temple,,,,24.080195,90.207561,Hindu place of worship listed in OpenStreetMap.,,Temple,,,,,[],[],false,false
436,Kalibari,,,,25.497004,88.954237,Hindu place of worship listed in OpenStreetMap.,,Temple,,,,,[],[],false,false
437,Kalibari Mandir,,,,22.901342,89.522059,Hindu place of worship listed in OpenStreetMap.,,Temple,,,,,[],[],false,false
438,Kalibari Temple,,Khulna,Khulna,22.430564,89.345332,"Hindu place of worship listed in OpenStreetMap, Khulna.",,Temple,,,,,[],[],false,false
439,Kalibari Temple,,Khulna,Khulna,22.510480,89.434169,"Hindu place of worship listed in OpenStreetMap, Khulna.",,Temple,,,,,[],[],false,false
440,Kaliganj Kali Mandir,কালীগঞ্জ কালী মন্দির,,,23.411295,89.138390,Hindu place of worship listed in OpenStreetMap.,,Temple,,,,,[],[],false,false
441,Kalikapur Barwari Radha Govinda Temple And Atchala Angan,,,,24.636855,89.253716,Hindu place of worship listed in OpenStreetMap.,,Temple,,,,,[],[],false,false
442,Kalikhola Kali Mondir কালিখোলা কালি মন্দির,Kalikhola Kali Mondir কালিখোলা কালি মন্দির,,,23.607942,89.858906,Hindu place of worship listed in OpenStreetMap.,,Temple,,,,,[],[],false,false
443,Kalimandir,,,Bagenbari Road,22.699391,89.082075,Hindu place of worship listed in OpenStreetMap.,,Temple,,,,,[],[],false,false
444,Kalimondir Borohati,,Sunamganj,Sunamganj,24.765087,91.182382,"Hindu place of worship listed in OpenStreetMap, Sunamganj.",,Temple,,,,,[],[],false,false
445,Kalinagar Bazer's Temple,,Khulna,Khulna,22.533424,89.485548,"Hindu place of worship listed in OpenStreetMap, Khulna.",,Temple,,,,,[],[],false,false
446,Kalinagar Radha Gobindo Temple,,Khulna,Khulna,22.533412,89.481432,"Hindu place of worship listed in OpenStreetMap, Khulna.",,Temple,,,,,[],[],false,false
447,Kalinagar's Kali Temple,,Khulna,Khulna,22.533014,89.480966,"Hindu place of worship listed in OpenStreetMap, Khulna.",,Temple,,,,,[],[],false,false
448,Kalipur Nimkali Temple,,,,22.060982,91.938018,Hindu place of worship listed in OpenStreetMap.,,Temple,,,,,[],[],false,false
449,Kalitola Durga Mandir,কালিতলা দূর্গা মন্দির,,,25.636291,88.639959,Hindu place of worship listed in OpenStreetMap.,,Temple,,,,,[],[],false,false
450,Kalitola Krishna Mondir,কৃষ্ণ মন্দির,,,25.636063,88.640397,Hindu place of worship listed in OpenStreetMap.,,Temple,,,,,[],[],false,false
451,Kalitola Sorbojonin Durga mondir,,Khulna,Khulna,22.308592,89.307033,"Hindu place of worship listed in OpenStreetMap, Khulna.",,Temple,,,,,[],[],false,false
452,Kalitola Temple,,Nilphamari,"নীলফামারী - সৈয়দপুর সড়ক, Nilphamari, 5300",25.916412,88.866159,"Hindu place of worship listed in OpenStreetMap, Nilphamari.",,Temple,,,,,[],[],false,false
454,Kalukhali Hori Temple,,Khulna,Khulna,22.403819,89.294520,"Hindu place of worship listed in OpenStreetMap, Khulna.",,Temple,,,,,[],[],false,false
455,Kamarkhola Basondi Temple,,Khulna,Khulna,22.549610,89.483576,"Hindu place of worship listed in OpenStreetMap, Khulna.",,Temple,,,,,[],[],false,false
456,Kamarkhola Uttar para Kali temple,,Khulna,Khulna,22.565932,89.478754,"Hindu place of worship listed in OpenStreetMap, Khulna.",,Temple,,,,,[],[],false,false
457,Kamarpukur Durga Mandir,,,,25.789161,88.941874,Hindu place of worship listed in OpenStreetMap.,,Temple,,,,,[],[],false,false
458,Kamat para Lokkhi Mondir,,,,26.134556,88.713504,Hindu place of worship listed in OpenStreetMap.,,Temple,,,,,[],[],false,false
459,Kamini Bariya Biswas Bari Temple,,Khulna,Khulna,22.561154,89.431956,"Hindu place of worship listed in OpenStreetMap, Khulna.",,Temple,,,,,[],[],false,false
460,Kamini basiya Sree Sree Horiguru Chand temple,,Khulna,Khulna,22.531713,89.423970,"Hindu place of worship listed in OpenStreetMap, Khulna.",,Temple,,,,,[],[],false,false
461,kamini basiya sree Sree Radh Gobinda temple,,Khulna,Khulna,22.527667,89.421489,"Hindu place of worship listed in OpenStreetMap, Khulna.",,Temple,,,,,[],[],false,false
462,Kaminibasiya Tetultola Durga Temple,,Khulna,Khulna,22.536826,89.442677,"Hindu place of worship listed in OpenStreetMap, Khulna.",,Temple,,,,,[],[],false,false
463,Kaminibasiya Tetultola Radhakrishna sebasram and Kali temple,,Khulna,Khulna,22.537719,89.441964,"Hindu place of worship listed in OpenStreetMap, Khulna.",,Temple,,,,,[],[],false,false
464,Kantanagar Temple,,,,25.790380,88.666741,Hindu place of worship listed in OpenStreetMap.,,Temple,,,,,[],[],false,false
465,Kanthali Mata Par Sarvajanin Durga Mandir,,,,25.523357,89.295830,Hindu place of worship listed in OpenStreetMap.,,Temple,,,,,[],[],false,false
466,Kapali Bari Kali Mandir,,,,23.293663,89.993989,Hindu place of worship listed in OpenStreetMap.,,Temple,,,,,[],[],false,false
467,Kapuriapatti Kalibari Mondir কাপুরিয়াপট্টি কালীবাড়ী মন্দির,Kapuriapatti Kalibari Mondir কাপুরিয়াপট্টি কালীবাড়ী মন্দির,Natore,Natore,24.415403,88.987521,"Hindu place of worship listed in OpenStreetMap, Natore.",,Temple,,,,,[],[],false,false
468,Karmakhar Potri Puja Mandap,,,,25.086831,90.191113,Hindu place of worship listed in OpenStreetMap.,,Temple,,,,,[],[],false,false
469,Kartikpur Mandir,,,,23.632298,90.073320,Hindu place of worship listed in OpenStreetMap.,,Temple,,,,,[],[],false,false
470,Kasba Kali Bari,,,,23.740183,91.159764,Hindu place of worship listed in OpenStreetMap.,,Temple,,,,,[],[],false,false
471,Kathal Tola Universal Mondir,,Bagerhat,Bagerhat,22.435198,89.871565,"Hindu place of worship listed in OpenStreetMap, Bagerhat.",,Temple,,,,,[],[],false,false
472,Kathalbari Sarbojononi Kali Mondir,,Bagerhat,Bagerhat,22.260154,89.828948,"Community (sarbojanin) puja venue listed in OpenStreetMap, Bagerhat.",,Sarbojonin,,,,,[],[],false,false
473,Katia Kali Bari কাতিয়া কালি বারী,Katia Kali Bari কাতিয়া কালি বারী,,,23.505521,89.883019,Hindu place of worship listed in OpenStreetMap.,,Temple,,,,,[],[],false,false
474,Katila Shostitola Temple,,Rajshahi,"Naga Bazar-Bhobanigonj Road, Rajshahi, 6403",24.568229,88.934345,"Hindu place of worship listed in OpenStreetMap, Rajshahi.",,Temple,,,,,[],[],false,false
475,Katnar Para Dr. S K Lane,,,,24.856951,89.372051,Hindu place of worship listed in OpenStreetMap.,,Temple,,,,,[],[],false,false
476,Kavirajhat Hari Mandir,,,,25.905719,88.595217,Hindu place of worship listed in OpenStreetMap.,,Temple,,,,,[],[],false,false
477,Kendriyo Durga Puja Mondop,,,,26.332030,88.554636,Hindu place of worship listed in OpenStreetMap.,,Temple,,,,,[],[],false,false
479,Keyaghat Mondir,,PatuaKhali,PatuaKhali,22.197612,90.488131,"Hindu place of worship listed in OpenStreetMap, PatuaKhali.",,Temple,,,,,[],[],false,false
480,Khadash Hindupara Barwari Durga Mandir,,,,24.704772,89.315383,Hindu place of worship listed in OpenStreetMap.,,Temple,,,,,[],[],false,false
481,Khajuria sri sri Bishno temple,,,"Mirsharai, Chattogram",22.702799,91.609360,Hindu place of worship listed in OpenStreetMap.,,Temple,,,,,[],[],false,false
482,Khalisakura Durga Temple,,,,25.129058,90.184511,Hindu place of worship listed in OpenStreetMap.,,Temple,,,,,[],[],false,false
483,Khamar bordhul,,,,24.395345,89.642588,Hindu place of worship listed in OpenStreetMap.,,Temple,,,,,[],[],false,false
484,Khaogair Kali Mondir,,,,23.930635,90.646832,Hindu place of worship listed in OpenStreetMap.,,Temple,,,,,[],[],false,false
485,Kharia Universal Temple,,Khulna,Khulna,22.391327,89.310646,"Hindu place of worship listed in OpenStreetMap, Khulna.",,Temple,,,,,[],[],false,false
486,Kheya Ghat,,,,23.733615,90.356114,Hindu place of worship listed in OpenStreetMap.,,Temple,,,,,[],[],false,false
487,Kheya Ghat Bazar Sarbojonin Durga Mondir,,Barguna,Barguna,22.119853,89.936922,"Community (sarbojanin) puja venue listed in OpenStreetMap, Barguna.",,Sarbojonin,,,,,[],[],false,false
488,Khidir Sarodiyo Durga Mata Mondir,,,,24.386115,89.700395,Hindu place of worship listed in OpenStreetMap.,,Temple,,,,,[],[],false,false
489,khona shapla youth club temple,,Khulna,khulna,22.592859,89.486802,"Hindu place of worship listed in OpenStreetMap, khulna.",,Temple,,,,,[],[],false,false
490,Khondokar para laxmi and kali mandir 1,,,,24.666277,89.421104,Hindu place of worship listed in OpenStreetMap.,,Temple,,,,,[],[],false,false
491,Khorolkathi Ma Monosha Temple,,Khulna,Khulna,22.444740,89.360840,"Hindu place of worship listed in OpenStreetMap, Khulna.",,Temple,,,,,[],[],false,false
492,Khulna University Central Temple,খুলনা বিশ্ববিদ্যালয় কেন্দ্রীয় মন্দির,,,22.801621,89.532060,Hindu place of worship listed in OpenStreetMap.,,Temple,,,,,[],[],false,false
493,Kochu Buniya Norendro Government Hori Temple,,Bagerhat,Bagerhat,22.421606,89.694486,"Hindu place of worship listed in OpenStreetMap, Bagerhat.",,Temple,,,,,[],[],false,false
494,Konapara Mondir,,,,24.805031,90.448068,Hindu place of worship listed in OpenStreetMap.,,Temple,,,,,[],[],false,false
495,Kormokar Para Kali Mondir,,,,25.112932,91.219745,Hindu place of worship listed in OpenStreetMap.,,Temple,,,,,[],[],false,false
496,koyra sarbojonin sib mondir,,Khulna,Khulna,22.350213,89.288035,"Community (sarbojanin) puja venue listed in OpenStreetMap, Khulna.",,Sarbojonin,,,,,[],[],false,false
497,Krishna Chandrapur Shilpara Mandir,,,,25.008333,89.439778,Hindu place of worship listed in OpenStreetMap.,,Temple,,,,,[],[],false,false
498,Krishna kanta bari,,,,22.418695,91.745459,Hindu place of worship listed in OpenStreetMap.,,Temple,,,,,[],[],false,false
499,Krishna Mandir কৃষ্ণ মন্দির,Krishna Mandir কৃষ্ণ মন্দির,,,22.189980,92.046172,Hindu place of worship listed in OpenStreetMap.,,Temple,,,,,[],[],false,false
500,Krishna Mondir,,,"Dhaka - Chittagong Hwy, Kumira, Chittagong",22.520328,91.702986,Hindu place of worship listed in OpenStreetMap.,,Temple,,,,,[],[],false,false
501,Krishna Temple,,,,22.231882,89.157277,Hindu place of worship listed in OpenStreetMap.,,Temple,,,,,[],[],false,false
502,Krishna-komol durga Temple,,,,24.850412,89.344852,Hindu place of worship listed in OpenStreetMap.,,Temple,,,,,[],[],false,false
503,Krishnanagar Yuva Sangh Mandap,,,,24.751318,90.223351,Hindu place of worship listed in OpenStreetMap.,,Temple,,,,,[],[],false,false
504,Krishno Temple,,,,22.368561,91.079573,Hindu place of worship listed in OpenStreetMap.,,Temple,,,,,[],[],false,false
505,Kshatriya Para Temple,,,,25.151087,89.398773,Hindu place of worship listed in OpenStreetMap.,,Temple,,,,,[],[],false,false
506,Kuchirgaon rishipara kali mondir,,Sunamganj,Sunamganj,24.858408,91.292382,"Hindu place of worship listed in OpenStreetMap, Sunamganj.",,Temple,,,,,[],[],false,false
507,Kujail Bazar Kali Temple,,,"Naogaon - Natore Hwy, Naogaon",24.711332,88.919873,Hindu place of worship listed in OpenStreetMap.,,Temple,,,,,[],[],false,false
508,Kumar Hindu temple,,,,24.356686,89.891638,Hindu place of worship listed in OpenStreetMap.,,Temple,,,,,[],[],false,false
509,Kumorpur Durga Temple ( Doctorpara ),,,,25.868746,88.640236,Hindu place of worship listed in OpenStreetMap.,,Temple,,,,,[],[],false,false
510,Kusha Pond Par Maa Kali Mandir,,,"Chittagong - Rangamati Hwy, Raozan, Chattogram",22.538064,91.938541,Hindu place of worship listed in OpenStreetMap.,,Temple,,,,,[],[],false,false
511,Kuthibari Kuthiswari Public Durga Temple,,,,25.132943,89.382567,Hindu place of worship listed in OpenStreetMap.,,Temple,,,,,[],[],false,false
512,Lakkhikhola Universal Hori Temple,,Khulna,Khulna,22.408372,89.291156,"Hindu place of worship listed in OpenStreetMap, Khulna.",,Temple,,,,,[],[],false,false
513,Lakshmi Narayan Mandir,,,,25.770394,88.865027,Hindu place of worship listed in OpenStreetMap.,,Temple,,,,,[],[],false,false
514,Lakshmi Narayan Temple,লক্ষ্মী নারায়ণ মন্দির,,"ভুনবীর - সমশেরগঞ্জ সড়ক, 3214",24.335555,91.652085,Hindu place of worship listed in OpenStreetMap.,,Temple,,,,,[],[],false,false
515,Lakshmi Narayan Temple baura বাউরা লক্ষ্মী নারায়ণ মন্দির,Lakshmi Narayan Temple baura বাউরা লক্ষ্মী নারায়ণ মন্দির,,,26.252383,89.074090,Hindu place of worship listed in OpenStreetMap.,,Temple,,,,,[],[],false,false
516,Lakshmirhat Durga Temple,,,,26.144522,88.703320,Hindu place of worship listed in OpenStreetMap.,,Temple,,,,,[],[],false,false
517,Lakshmirhat Veda Mandir,,,,26.138299,88.707693,Hindu place of worship listed in OpenStreetMap.,,Temple,,,,,[],[],false,false
518,Lalchand Durga Temple,লালচাঁদ দূর্গা মন্দির,Habiganj,"Lalchand Bagan Staff Quater Road, Habiganj, 3332",24.240089,91.413589,"Hindu place of worship listed in OpenStreetMap, Habiganj.",,Temple,,,,,[],[],false,false
519,Lalpur Trimohoni Shiv Mondir,,,"Lalpur - Ishwardi Hwy, Natore",24.177134,88.965417,Hindu place of worship listed in OpenStreetMap.,,Temple,,,,,[],[],false,false
520,laxmi narayan bigraha mandir,,,jessore,23.152638,89.229736,Hindu place of worship listed in OpenStreetMap.,,Temple,,,,,[],[],false,false
521,"Laxmi-Narayan Mandir, লক্ষী-নারায়ণ মন্দির।","Laxmi-Narayan Mandir, লক্ষী-নারায়ণ মন্দির।",,,24.196738,88.988224,Hindu place of worship listed in OpenStreetMap.,,Temple,,,,,[],[],false,false
522,Laxmibilash Kali Bari,,,"Dhaka - Mawa Hwy, Nimtola",23.595307,90.326113,Hindu place of worship listed in OpenStreetMap.,,Temple,,,,,[],[],false,false
523,Lohacura kali Mondir,,,,25.099294,91.233518,Hindu place of worship listed in OpenStreetMap.,,Temple,,,,,[],[],false,false
524,Lokkhn Da Bari,,"Dumki,Patuakhali","Bank Road, Dumki,Patuakhali, 8602",22.462371,90.384131,"Hindu place of worship listed in OpenStreetMap, Dumki,Patuakhali.",,Temple,,,,,[],[],false,false
525,Lokkhonpur Kali Mondir Durga Puja Mondop,,,,23.117205,91.074642,Hindu place of worship listed in OpenStreetMap.,,Temple,,,,,[],"[""Wheelchair Access""]",false,false
526,Loknath Brahmachari Temple,লোকনাথ ব্রহ্মচারী মন্দির,,,23.731031,90.399666,Hindu place of worship listed in OpenStreetMap.,,Temple,,,,,[],[],false,false
527,Loknath Mandir,,,Village Chalamagura,24.383015,89.398319,Hindu place of worship listed in OpenStreetMap.,,Temple,,,,,[],[],false,false
528,Loknath Mondir,,Bagerhat,Bagerhat,22.336126,89.804982,"Hindu place of worship listed in OpenStreetMap, Bagerhat.",,Temple,,,,,[],[],false,false
529,Loknath Mondir লোকনাথ মন্দির,Loknath Mondir লোকনাথ মন্দির,,,24.869803,90.981143,Hindu place of worship listed in OpenStreetMap.,,Temple,,,,,[],[],false,false
530,Loknath Temple,,,"Ghatghar Road, Kumira, Chattogram",22.508886,91.703750,Hindu place of worship listed in OpenStreetMap.,,Temple,,,,,[],[],false,false
531,Loknath Temple,,,,25.017125,90.017550,Hindu place of worship listed in OpenStreetMap.,,Temple,,,,,[],[],false,false
532,Loknath Temple,,,,23.785501,90.337763,Hindu place of worship listed in OpenStreetMap.,,Temple,,,,,[],[],false,false
533,Lokonath Mondir,,,Khagrachhari,23.126032,91.965444,Hindu place of worship listed in OpenStreetMap.,,Temple,,,,,[],[],false,false
534,Lord Krishna Temple,,Moulvibazar,"Patrikul, Mahasaya Bari Road, Moulvibazar, 3214",24.325590,91.650670,"Hindu place of worship listed in OpenStreetMap, Moulvibazar.",,Temple,,,,,[],[],false,false
535,Lukenath Mondir,,,,25.130980,90.676225,Hindu place of worship listed in OpenStreetMap.,,Temple,,,,,[],[],false,false
536,Ma Anandamayi Yuva Sangh Puja Mandap,,,,24.749337,90.209954,Hindu place of worship listed in OpenStreetMap.,,Temple,,,,,[],[],false,false
537,Ma Anandamoye Kali bari,,,"Shahid Rafique Sarak, 1800",23.859775,90.005387,Hindu place of worship listed in OpenStreetMap.,,Temple,,,,,[],[],false,false
538,Ma Durga Mondir,,,"Mazumder Bari, Colonel Jones Road, Chattogram",22.366234,91.774826,Hindu place of worship listed in OpenStreetMap.,,Temple,,,,,[],[],false,false
539,Ma Durga Temple,,,,23.892995,90.365565,Hindu place of worship listed in OpenStreetMap.,,Temple,,,,,[],[],false,false
540,Ma Kali Mandir মা কালী মন্দির,Ma Kali Mandir মা কালী মন্দির,,,25.859940,88.648483,Hindu place of worship listed in OpenStreetMap.,,Temple,,,,,[],[],false,false
541,Ma Kali Mondir,,,,24.858468,89.372884,Hindu place of worship listed in OpenStreetMap.,,Temple,,,,,[],[],false,false
542,Ma kali temple,,,,24.802450,88.942156,Hindu place of worship listed in OpenStreetMap.,,Temple,,,,,[],[],false,false
543,Ma Kali Temple,,,,22.691913,89.073152,Hindu place of worship listed in OpenStreetMap.,,Temple,,,,,[],[],false,false
544,Ma Magadershari Mandir,,,"South banshbaria, nathpara, banshbaria, Sitakund, Chattogram",22.538685,91.690777,Hindu place of worship listed in OpenStreetMap.,,Temple,,,,,[],[],false,false
545,Ma Manosha Temple,,Khulna,Khulna,22.449264,89.365070,"Hindu place of worship listed in OpenStreetMap, Khulna.",,Temple,,,,,[],[],false,false
546,Ma symma Debir Mondir,,,,22.930791,90.239909,Hindu place of worship listed in OpenStreetMap.,,Temple,,,,,[],[],false,false
547,Ma Vabtara Rani Mondir,,Khulna,Khulna,22.472004,89.577138,"Hindu place of worship listed in OpenStreetMap, Khulna.",,Temple,,,,,[],[],false,false
548,Maa Kali Mandir,,,,26.179211,88.632728,Hindu place of worship listed in OpenStreetMap.,,Temple,,,,,[],[],false,false
549,Maa Lakshmi Temple,,,Keraniganj,23.688022,90.403286,Hindu place of worship listed in OpenStreetMap.,,Temple,,,,,[],[],false,false
550,Madan Bazar Durga Mandir,মদন বাজার দুর্গা মন্দির,Madan,Madan,24.718615,90.954981,"Hindu place of worship listed in OpenStreetMap, Madan.",,Temple,,,,,[],[],false,false
551,Madhukhali Bazar kali temple মধুখালী বাজার কালী মন্দির,Madhukhali Bazar kali temple মধুখালী বাজার কালী মন্দির,,,23.543956,89.626331,Hindu place of worship listed in OpenStreetMap.,,Temple,,,,,[],[],false,false
552,Madurpalta Gobind Temple,,Bagerhat,Bagerhat,22.441701,89.690206,"Hindu place of worship listed in OpenStreetMap, Bagerhat.",,Temple,,,,,[],[],false,false
553,Magadeswari Temple মগদেস্বরী মন্দির,Magadeswari Temple মগদেস্বরী মন্দির,Chittagong - Kaptai Rd,Chittagong - Kaptai Rd,22.440732,91.906517,"Hindu place of worship listed in OpenStreetMap, Chittagong - Kaptai Rd.",,Temple,,,,,[],[],false,false
554,Magdeshwari Temple,,,"Kumira, Chattogram",22.536938,91.696530,Hindu place of worship listed in OpenStreetMap.,,Temple,,,,,[],[],false,false
555,Mahadev Mandir মহাদেব মন্দির,Mahadev Mandir মহাদেব মন্দির,,,24.862070,88.859687,Hindu place of worship listed in OpenStreetMap.,,Temple,,,,,[],[],false,false
556,Mahato Para Temple,,Khulna,Khulna,22.269826,89.327114,"Hindu place of worship listed in OpenStreetMap, Khulna.",,Temple,,,,,[],[],false,false
557,Majher para Shiva temple,,Khulna,Khulna,22.583186,89.471937,"Hindu place of worship listed in OpenStreetMap, Khulna.",,Temple,,,,,[],[],false,false
558,Majherati Hari Mandir,,,,22.277638,89.169582,Hindu place of worship listed in OpenStreetMap.,,Temple,,,,,[],[],false,false
559,Mali para kali mandir,,,,25.773175,88.794598,Hindu place of worship listed in OpenStreetMap.,,Temple,,,,,[],[],false,false
560,Mallikadah Neelati Para,,,,26.041921,88.830596,Hindu place of worship listed in OpenStreetMap.,,Temple,,,,,[],[],false,false
561,Maloti master bari durga mondir,,,"Dharmo Pur, Chattogram",22.669054,91.637471,Hindu place of worship listed in OpenStreetMap.,,Temple,,,,,[],[],false,false
562,Malotinagar Durga Mandir,,,,24.840676,89.381348,Hindu place of worship listed in OpenStreetMap.,,Temple,,,,,[],[],false,false
563,Mamudpore Durga Puja Temple,,,,24.179407,89.900705,Hindu place of worship listed in OpenStreetMap.,,Temple,,,,,[],[],false,false
564,Mandir,,Barguna,Barguna,22.117907,89.999662,"Hindu place of worship listed in OpenStreetMap, Barguna.",,Temple,,,,,[],[],false,false
565,Mandir মন্দির,Mandir মন্দির,,,24.821118,89.036555,Hindu place of worship listed in OpenStreetMap.,,Temple,,,,,[],[],false,false
566,Mansa Temple,,Khulna,Khulna,22.419638,89.450005,"Hindu place of worship listed in OpenStreetMap, Khulna.",,Temple,,,,,[],[],false,false
567,Mashan Kali Mandir,মশান কালী মন্দির,,,25.636251,88.640057,Hindu place of worship listed in OpenStreetMap.,,Temple,,,,,[],[],false,false
568,Master Para Kali Mondir মাষ্টারপাড়া কালী মন্দির,Master Para Kali Mondir মাষ্টারপাড়া কালী মন্দির,,,22.113665,91.921191,Hindu place of worship listed in OpenStreetMap.,,Temple,,,,,[],[],false,false
569,Matajihata Kali Temple,,,,24.982194,88.839219,Hindu place of worship listed in OpenStreetMap.,,Temple,,,,,[],[],false,false
570,Matidali Kali Mondir,,,,24.882205,89.362472,Hindu place of worship listed in OpenStreetMap.,,Temple,,,,,[],[],false,false
571,Mayer Bari Mondir,,,Soardarbari Road,22.703630,89.088020,Hindu place of worship listed in OpenStreetMap.,,Temple,,,,,[],[],false,false
572,Meghdut Club Puja Mondop,,,,24.856613,89.373801,Hindu place of worship listed in OpenStreetMap.,,Temple,,,,,[],[],false,false
573,Middle Wahedpur Sarbabjanin Kali Mandir,,,"Mirsharai, Chattogram",22.717268,91.610264,Hindu place of worship listed in OpenStreetMap.,,Temple,,,,,[],[],false,false
574,Milon Mondir,,Dhaka - Sylhet Hwy,Dhaka - Sylhet Hwy,24.138988,91.331076,"Hindu place of worship listed in OpenStreetMap, Dhaka - Sylhet Hwy.",,Temple,,,,,[],[],false,false
575,Milonpolly Sarbojonin Durga Mondir,,,,25.942542,88.838758,Community (sarbojanin) puja venue listed in OpenStreetMap.,,Sarbojonin,,,,,[],[],false,false
576,Mirpur Central Temple,মিরপুর কেন্দ্রীয় মন্দির,"Mirpur, Dhaka","লাভ রোড, Mirpur, Dhaka, 1216",23.804606,90.359974,"Hindu place of worship listed in OpenStreetMap, Mirpur, Dhaka. Named among Dhaka puja venues in 2026 reporting (Bangladesh Pratidin, 5 Oct 2026).",,Temple,,,,,[],[],true,false
577,Mirpur Siddheswari Kali Mata Mondir,,,,23.787901,90.339819,Hindu place of worship listed in OpenStreetMap.,,Temple,,,,,[],[],false,false
578,Mirzapur Sri Sri Madhumangal Jagannath Sevashram,,,"Khagrachhari Rd, Chattogram",22.554371,91.799074,Hindu place of worship listed in OpenStreetMap.,,Temple,,,,,[],[],false,false
579,Mitali Songho Club,,,,25.020692,90.021721,Hindu place of worship listed in OpenStreetMap.,,Temple,,,,,[],[],false,false
580,Modak Para Durgamata Mandir,,,,24.497799,89.512962,Hindu place of worship listed in OpenStreetMap.,,Temple,,,,,[],[],false,false
581,Moddho Calitabunia Shoto Bochorer Botgach o Mondir,,Bagerhat,Bagerhat,22.223060,89.822612,"Hindu place of worship listed in OpenStreetMap, Bagerhat.",,Temple,,,,,[],[],false,false
582,Moddhombagun Kuli Temple,,,,25.135406,90.676703,Hindu place of worship listed in OpenStreetMap.,,Temple,,,,,[],[],false,false
583,Modonmon Jeur Mondir,,PatuaKhali,Patuakhali,22.359374,90.351083,"Hindu place of worship listed in OpenStreetMap, Patuakhali.",,Temple,,,,,[],[],false,false
584,Mohadeb Mondir Dottogram,,Sunamganj,Sunamganj,24.874036,91.322136,"Hindu place of worship listed in OpenStreetMap, Sunamganj.",,Temple,,,,,[],[],false,false
585,Mohadebpur Shib mandir,,,,23.851762,89.883192,Hindu place of worship listed in OpenStreetMap.,,Temple,,,,,[],[],false,false
586,Mohesshoripur Trimohoni Rash Temple,,Khulna,Khulna,22.446185,89.332733,"Hindu place of worship listed in OpenStreetMap, Khulna.",,Temple,,,,,[],[],false,false
587,Mokamtola Mandir,,,,25.013668,89.371501,Hindu place of worship listed in OpenStreetMap.,,Temple,,,,,[],[],false,false
588,Mollik Bari Durga Mondir,,,,23.300029,89.993015,Hindu place of worship listed in OpenStreetMap.,,Temple,,,,,[],[],false,false
589,Mondir,,,,23.706618,90.413198,Hindu place of worship listed in OpenStreetMap.,,Temple,,,,,[],[],false,false
590,Mondir,,Khulna,Khulna,22.348991,89.287687,"Hindu place of worship listed in OpenStreetMap, Khulna.",,Temple,,,,,[],[],false,false
591,Mondir,,Feni,"Trank Road, Feni, 3900",23.007773,91.400482,"Hindu place of worship listed in OpenStreetMap, Feni.",,Temple,,,,,[],[],false,false
592,mondir,,,,25.625629,89.637691,Hindu place of worship listed in OpenStreetMap.,,Temple,,,,,[],[],false,false
593,Mondir of Hogolpata Shadhu's House,,Bagerhat,Bagerhat,22.340852,89.792220,"Hindu place of worship listed in OpenStreetMap, Bagerhat.",,Temple,,,,,[],[],false,false
594,Mondir মন্দির,Mondir মন্দির,,,24.225850,90.399180,Hindu place of worship listed in OpenStreetMap.,,Temple,,,,,[],[],false,false
595,Monosha Temple At Nishat'S House,,Khulna,Khulna,22.422752,89.359754,"Hindu place of worship listed in OpenStreetMap, Khulna.",,Temple,,,,,[],[],false,false
596,Mostafapur Bazaar Public Sri Sri Radha Govinda Temple,,,Madaripur,23.158777,90.137726,Hindu place of worship listed in OpenStreetMap.,,Temple,,,,,[],[],false,false
597,Mostafapur Universal Sri Sri Radha Gobind Mandir,,,"Bazar, Mostafapur",23.154747,90.140173,Hindu place of worship listed in OpenStreetMap.,,Temple,,,,,[],[],false,false
598,Mothbari Dol Temple,,Khulna,Khulna,22.379069,89.334846,"Hindu place of worship listed in OpenStreetMap, Khulna.",,Temple,,,,,[],[],false,false
599,Mothbari Kali Temple,,Khulna,Khulna,22.382051,89.331108,"Hindu place of worship listed in OpenStreetMap, Khulna.",,Temple,,,,,[],[],false,false
600,Mother Kali temple কালী মাতার মন্দির,Mother Kali temple কালী মাতার মন্দির,,,25.089570,90.191443,Hindu place of worship listed in OpenStreetMap.,,Temple,,,,,[],[],false,false
601,Mother Saraswati Temple,,,New Bhushir Bandar,25.769337,88.728388,Hindu place of worship listed in OpenStreetMap.,,Temple,,,,,[],[],false,false
602,Motua Asrom,,,,22.626192,90.062379,Hindu place of worship listed in OpenStreetMap.,,Temple,,,,,[],[],false,false
603,Mowkhali Hori Mandir,,Bagerhat,Bagerhat,22.471900,89.647000,"Hindu place of worship listed in OpenStreetMap, Bagerhat.",,Temple,,,,,[],[],false,false
604,Mrigidanga Sarbojonin Kali Mondir,,Magura,"Mrigidanga Thakur Bari Road, Magura, 7600",23.534684,89.455709,"Community (sarbojanin) puja venue listed in OpenStreetMap, Magura.",,Sarbojonin,,,,,[],[],false,false
605,Mukand Gosai Shri Shri Durga Mandir,,,,24.818451,89.380891,Hindu place of worship listed in OpenStreetMap.,,Temple,,,,,[],[],false,false
606,Muktarpur public akhra and durga temple,,Sunamganj,Sunamganj,24.660298,91.249502,"Hindu place of worship listed in OpenStreetMap, Sunamganj.",,Temple,,,,,[],[],false,false
607,Muraripur Lakshmi Narayan Shalgram Vigraha Mandir,,,"Dhaka - Chittagong Hwyy, Chittagong",22.832866,91.545222,Hindu place of worship listed in OpenStreetMap.,,Temple,,,,,[],[],false,false
608,Mushrat Dhulia Bhullapara Durga Temple,,,,25.812691,88.981084,Hindu place of worship listed in OpenStreetMap.,,Temple,,,,,[],[],false,false
609,Nagarkumari Durga Mandir,,,,26.199998,88.557469,Hindu place of worship listed in OpenStreetMap.,,Temple,,,,,[],[],false,false
610,Nagerbazar Mondir,,,,22.655672,89.799494,Hindu place of worship listed in OpenStreetMap.,,Temple,,,,,[],[],false,false
611,Nalbunia Govinda Temple,,,,22.326286,89.832906,Hindu place of worship listed in OpenStreetMap.,,Temple,,,,,[],[],false,false
612,Nalbuniya kakra Buniya Sorbojanin Durga Temple,,Khulna,Khulna,22.486161,89.580857,"Hindu place of worship listed in OpenStreetMap, Khulna.",,Temple,,,,,[],[],false,false
613,Naldanga Rajbari Temple Complex,নলডাঙ্গা রাজ বাড়ি মন্দির,,"Shiddheshshary Mayer Mandir Naldanga, Naldanga, 7350",23.441711,89.165388,Hindu place of worship listed in OpenStreetMap.,,Temple,,,,,[],[],false,false
614,Namashudra Para Durga Temple,,,,25.342874,89.342726,Hindu place of worship listed in OpenStreetMap.,,Temple,,,,,[],[],false,false
615,Nandigram Baroari Durga Mandir,,,,24.647842,89.248064,Barowari (community-subscription) puja venue listed in OpenStreetMap.,,Barwari,,,,,[],[],false,false
616,Naoyagnao Mahadev Temple,,Sunamganj,Sunamganj,24.691744,91.275302,"Hindu place of worship listed in OpenStreetMap, Sunamganj.",,Temple,,,,,[],[],false,false
617,Napitpara Kali Mondop,,,,26.057215,88.822738,Hindu place of worship listed in OpenStreetMap.,,Temple,,,,,[],[],false,false
618,Narayan Mondir,,,"Panichatra R/A, Madaripur",23.168968,90.217672,Hindu place of worship listed in OpenStreetMap.,,Temple,,,,,[],[],false,false
619,Nasir Uddin,,,,24.026317,90.278678,Hindu place of worship listed in OpenStreetMap.,,Temple,,,,,[],[],false,false
620,Nathpara Temple,,,,22.946869,91.512509,Hindu place of worship listed in OpenStreetMap.,,Temple,,,,,[],[],false,false
621,Navapalli Pujamandap,,,,24.765272,90.254051,Hindu place of worship listed in OpenStreetMap.,,Temple,,,,,[],[],false,false
622,Nayabari Banikbari Sarvajanin Durga Mandir,,,,23.837357,89.787410,Hindu place of worship listed in OpenStreetMap.,,Temple,,,,,[],[],false,false
623,Nayakandi Bajitpur East- Sri Sri Sarvajanin Durga Mandir,,,Rajoir,23.188275,90.089588,Hindu place of worship listed in OpenStreetMap.,,Temple,,,,,[],[],false,false
624,Nayar Hat Sabojaneen Kali Mondir,,,,25.854018,89.571834,Hindu place of worship listed in OpenStreetMap.,,Temple,,,,,[],[],false,false
625,New Bhushirbandar Public Durga Temple,,,,25.768164,88.729670,Hindu place of worship listed in OpenStreetMap.,,Temple,,,,,[],[],false,false
626,Nikhil Sarker,,,,24.409192,90.387575,Hindu place of worship listed in OpenStreetMap.,,Temple,,,,,[],[],false,false
627,Nimnogor Dhaksin Balubari Sri Sri Kali O Durga Mondir & Hindu Baroary Samiti,,,,25.626012,88.642498,Hindu place of worship listed in OpenStreetMap.,,Temple,,,,,[],[],false,false
628,Nimtala Puja Mandap,,,,24.764771,90.259904,Hindu place of worship listed in OpenStreetMap.,,Temple,,,,,[],[],false,false
629,Nimtola Mondir,নিমতলা মন্দির,,,25.632064,88.638069,Hindu place of worship listed in OpenStreetMap.,,Temple,,,,,[],[],false,false
630,Nimtola Sib Temple,,,,23.743554,90.364053,Hindu place of worship listed in OpenStreetMap.,,Temple,,,,,[],[],false,false
631,Nobo Durga Mondir,,,,24.675210,89.416844,Hindu place of worship listed in OpenStreetMap.,,Temple,,,,,[],[],false,false
632,Nobobindabon Horibasor Mondir,,Bogra,Bogra,24.853749,89.377482,"Hindu place of worship listed in OpenStreetMap, Bogra.",,Temple,,,,,[],[],false,false
633,Nobograha Bari (Temple),,,,22.369430,91.773084,Hindu place of worship listed in OpenStreetMap.,,Temple,,,,,[],[],false,false
634,North kalikapur kalimondir,,Khulna,Khulna,22.429191,89.336511,"Hindu place of worship listed in OpenStreetMap, Khulna.",,Temple,,,,,[],[],false,false
635,North Para Sri Sri Matri Mandir,,,"Dharmo Pur, Chattogram",22.670210,91.634906,Hindu place of worship listed in OpenStreetMap.,,Temple,,,,,[],[],false,false
636,North Sutalori Kali Mondir,,Bagerhat,Bagerhat,22.458490,89.834985,"Hindu place of worship listed in OpenStreetMap, Bagerhat.",,Temple,,,,,[],[],false,false
637,North Tafalbari Gobind Temple,,Bagerhat,Bagerhat,22.281202,89.828821,"Hindu place of worship listed in OpenStreetMap, Bagerhat.",,Temple,,,,,[],[],false,false
638,Noyahalot Durgha Mandir,,,,24.992280,91.216858,Hindu place of worship listed in OpenStreetMap.,,Temple,,,,,[],[],false,false
639,Noyani 3No Monosha Temple,,Khulna,Khulna,22.443441,89.336928,"Hindu place of worship listed in OpenStreetMap, Khulna.",,Temple,,,,,[],[],false,false
640,Noyani Dol Temple,,Khulna,Khulna,22.384015,89.353791,"Hindu place of worship listed in OpenStreetMap, Khulna.",,Temple,,,,,[],[],false,false
641,Noyani Hori Temple,,Khulna,Khulna,22.441877,89.340324,"Hindu place of worship listed in OpenStreetMap, Khulna.",,Temple,,,,,[],[],false,false
642,Obodhut Asrom,,,,22.629425,90.065876,Hindu place of worship listed in OpenStreetMap.,,Temple,,,,,[],[],false,false
643,Old Kalimata Sonatola Mandir,,,,22.655383,89.782860,Hindu place of worship listed in OpenStreetMap.,,Temple,,,,,[],[],false,false
644,padha Govinda Temple Chiping Pandit Home,,Bhola,Bhola,22.558839,90.737964,"Hindu place of worship listed in OpenStreetMap, Bhola.",,Temple,,,,,[],[],false,false
645,Padmapukur Rash Temple,,Khulna,Khulna,22.266989,89.315653,"Hindu place of worship listed in OpenStreetMap, Khulna.",,Temple,,,,,[],[],false,false
646,Padmapukur Sorbojonin Hori Temple,,Khulna,Khulna,22.268866,89.317694,"Hindu place of worship listed in OpenStreetMap, Khulna.",,Temple,,,,,[],[],false,false
647,Paikpara Hari Mondir,,,,26.271770,88.555247,Hindu place of worship listed in OpenStreetMap.,,Temple,,,,,[],[],false,false
648,Paikpara Sharbajonin Kali Mondir,,,,23.904543,90.055731,Hindu place of worship listed in OpenStreetMap.,,Temple,,,,,[],[],false,false
649,Pakutia Hindu Crematorium,,,,24.530904,89.981417,Hindu place of worship listed in OpenStreetMap.,,Temple,,,,,[],[],false,false
650,Palash Pol Temple,,,,22.724652,89.072383,Hindu place of worship listed in OpenStreetMap.,,Temple,,,,,[],[],false,false
651,Palashbari Kendriya Mandir,,,,25.990020,88.840148,Hindu place of worship listed in OpenStreetMap.,,Temple,,,,,[],[],false,false
652,Palsha Kund Para Public Puja Mandap,,,,24.851689,89.346599,Hindu place of worship listed in OpenStreetMap.,,Temple,,,,,[],[],false,false
653,Pancha Ratna Govinda Temple,পঞ্চরত্ন গোবিন্দ মন্দির,,,24.361633,88.837056,Hindu place of worship listed in OpenStreetMap.,,Temple,,,,,[],[],false,false
654,Pandit Bari Durga Temple,,,,22.358828,91.100859,Hindu place of worship listed in OpenStreetMap.,,Temple,,,,,[],[],false,false
655,pankhali east kali temple,,Khulna,khulna,22.622221,89.517825,"Hindu place of worship listed in OpenStreetMap, khulna.",,Temple,,,,,[],[],false,false
656,pankhali east ras temple,,Khulna,khulna,22.614793,89.516012,"Hindu place of worship listed in OpenStreetMap, khulna.",,Temple,,,,,[],[],false,false
657,pankhali west para shib mondir,,Khulna,khulna,22.627556,89.501353,"Hindu place of worship listed in OpenStreetMap, khulna.",,Temple,,,,,[],[],false,false
658,Panpara kali mondir,,,,23.816285,90.249257,Hindu place of worship listed in OpenStreetMap.,,Temple,,,,,[],[],false,false
659,Parboti Pokir Para Hindu temple,,,"Strand Road, Chattogram",22.323699,91.821623,Hindu place of worship listed in OpenStreetMap.,,Temple,,,,,[],[],false,false
660,Patabhog Durga Mondir,,,"Chonbari - Patabhog Rd, Sreenagar",23.542817,90.298681,Hindu place of worship listed in OpenStreetMap.,,Temple,,,,,[],[],false,false
661,Pateswari Mondir পাটেশ্বরী মন্দির,Pateswari Mondir পাটেশ্বরী মন্দির,,,26.345328,89.023795,Hindu place of worship listed in OpenStreetMap.,,Temple,,,,,[],[],false,false
662,Patharkhali Closure Fishermen para Manasha Temple,,Khulna,Khulna,22.303509,89.319604,"Hindu place of worship listed in OpenStreetMap, Khulna.",,Temple,,,,,[],[],false,false
663,Patharkhali Shiv Temple,,Khulna,Khulna,22.304232,89.319349,"Hindu place of worship listed in OpenStreetMap, Khulna.",,Temple,,,,,[],[],false,false
664,Patharkhali Sorbojonin Kali Temple,,Khulna,Khulna,22.303589,89.321794,"Hindu place of worship listed in OpenStreetMap, Khulna.",,Temple,,,,,[],[],false,false
665,Pathokkandi Hori Mondir,,,Madaripur,23.168995,90.196022,Hindu place of worship listed in OpenStreetMap.,,Temple,,,,,[],[],false,false
666,Patiya Central Kali Bari পটিয়া কালী বাড়ি,Patiya Central Kali Bari পটিয়া কালী বাড়ি,,,22.297835,91.975176,Hindu place of worship listed in OpenStreetMap.,,Temple,,,,,[],[],false,false
667,Patpotti Durga Mandir,,,,24.881011,90.737195,Hindu place of worship listed in OpenStreetMap.,,Temple,,,,,[],[],false,false
668,Patpotti Shiv Mandir,,,Netrokona,24.881003,90.736974,Hindu place of worship listed in OpenStreetMap.,,Temple,,,,,[],[],false,false
669,Patrikul Shiva Temple,পাত্রীকূল শিব মন্দির,Moulvibazar,"Patrikul, Makrichara Tea Garden - Patrikul Road, Moulvibazar, 3214",24.325611,91.651003,"Hindu place of worship listed in OpenStreetMap, Moulvibazar.",,Temple,,,,,[],[],false,false
670,Patuakhali Modonmohon Jeur Mondir,,PatuaKhali,Patuakhali,22.363547,90.342896,"Hindu place of worship listed in OpenStreetMap, Patuakhali.",,Temple,,,,,[],[],false,false
671,"PC Baraikhal Sharbojonin Govind, Durga ,Monsa Mandir",,Bagerhat,Bagerhat,22.396971,89.770220,"Hindu place of worship listed in OpenStreetMap, Bagerhat.",,Temple,,,,,[],[],false,false
672,PC College Temple,,,,22.665799,89.782330,Hindu place of worship listed in OpenStreetMap.,,Temple,,,,,[],[],false,false
673,Police Fari Sarbojonin Mandir পুলিশফাড়ি সার্বজনীন মন্দির,Police Fari Sarbojonin Mandir পুলিশফাড়ি সার্বজনীন মন্দির,,,21.670265,92.078786,Community (sarbojanin) puja venue listed in OpenStreetMap.,,Sarbojonin,,,,,[],[],false,false
674,Ponchoboti Crematorium & Temple,,,Rajshahi,24.360359,88.610658,Hindu place of worship listed in OpenStreetMap.,,Temple,,,,,[],[],false,false
675,Porcim shahapara hori mondir,,,,26.035321,88.626649,Hindu place of worship listed in OpenStreetMap.,,Temple,,,,,[],[],false,false
676,Port Hindu Temple,,,,22.321582,91.793164,Hindu place of worship listed in OpenStreetMap.,,Temple,,,,,[],[],false,false
677,Poschim Sree Nogar Rash Temple,,Khulna,Khulna,22.514698,89.473429,"Hindu place of worship listed in OpenStreetMap, Khulna.",,Temple,,,,,[],[],false,false
678,Poshchim Banishanta Sorbojanin Durga Mondir,,Khulna,Khulna,22.463277,89.562998,"Hindu place of worship listed in OpenStreetMap, Khulna.",,Temple,,,,,[],[],false,false
679,Poshchim Banishanta Sorbojanin Hori Mondir,,Khulna,Khulna,22.463009,89.563250,"Hindu place of worship listed in OpenStreetMap, Khulna.",,Temple,,,,,[],[],false,false
680,Posurtola Hori Temple,,Khulna,Khulna,22.311392,89.323268,"Hindu place of worship listed in OpenStreetMap, Khulna.",,Temple,,,,,[],[],false,false
681,PrOsHaNtO Chandra sarkar,,,,24.074844,90.209006,Hindu place of worship listed in OpenStreetMap.,,Temple,,,,,[],[],false,false
682,Protap pur South para mohadeb,,Sunamganj,Sunamganj,24.644287,91.301547,"Hindu place of worship listed in OpenStreetMap, Sunamganj.",,Temple,,,,,[],[],false,false
683,Protap pur's south para's Durga temple,,Sunamganj,Sunamganj,24.644906,91.307781,"Hindu place of worship listed in OpenStreetMap, Sunamganj.",,Temple,,,,,[],[],false,false
684,Public durga temple meghnaj para,,Sunamganj,Sunamganj,24.659964,91.250545,"Hindu place of worship listed in OpenStreetMap, Sunamganj.",,Temple,,,,,[],[],false,false
685,Public Sri Sri Durga Temple,,,"Sonaichhari, Chattogram",22.464529,91.731839,Hindu place of worship listed in OpenStreetMap.,,Temple,,,,,[],[],false,false
686,Puja Mondir,,,,23.595018,88.947782,Hindu place of worship listed in OpenStreetMap.,,Temple,,,,,[],[],false,false
687,Puraton Kali Mondir,,,,23.605670,89.837586,Hindu place of worship listed in OpenStreetMap.,,Temple,,,,,[],[],false,false
688,Purbo Khajuria Sree Sree Kali Mondir.,,Khulna,Khulna,22.473271,89.559034,"Hindu place of worship listed in OpenStreetMap, Khulna.",,Temple,,,,,[],[],false,false
689,Quaish Chandgaon Sri Sri Shama Mondir,,Chittagong,"CV35+MR Uttar Chandgaon, Chittagong",22.404224,91.859498,"Hindu place of worship listed in OpenStreetMap, Chittagong.",,Temple,,,,,[],[],false,false
690,Radha Bobindu Mondir,,PatuaKhali,PatuaKhali,22.216376,90.514925,"Hindu place of worship listed in OpenStreetMap, PatuaKhali.",,Temple,,,,,[],[],false,false
691,Radha Bollov Jiu Temple,,,,24.415360,88.994691,Hindu place of worship listed in OpenStreetMap.,,Temple,,,,,[],[],false,false
692,Radha Gobinda Mondir,,,,24.767002,90.291290,Hindu place of worship listed in OpenStreetMap.,,Temple,,,,,[],[],false,false
693,Radha Gobinda Temple,,Khulna,Khulna,22.283155,89.329630,"Hindu place of worship listed in OpenStreetMap, Khulna.",,Temple,,,,,[],[],false,false
694,Radha Gobinda Temple at Pal's house,,Bhola,Bhola,22.584558,90.642357,"Hindu place of worship listed in OpenStreetMap, Bhola.",,Temple,,,,,[],[],false,false
695,Radha Gobindo Mondir,,Barguna,Barguna,22.101199,89.948138,"Hindu place of worship listed in OpenStreetMap, Barguna.",,Temple,,,,,[],[],false,false
696,Radha Krishna Mandir,,,,25.200642,90.223450,Hindu place of worship listed in OpenStreetMap.,,Temple,,,,,[],[],false,false
697,Radha Krishna Temple,,,,25.188135,90.066660,Hindu place of worship listed in OpenStreetMap.,,Temple,,,,,[],[],false,false
698,Radha Krisna Temple,,Khulna,Khulna,22.414443,89.343476,"Hindu place of worship listed in OpenStreetMap, Khulna.",,Temple,,,,,[],[],false,false
699,Radha Madhav Temple,,,,25.979894,88.844984,Hindu place of worship listed in OpenStreetMap.,,Temple,,,,,[],[],false,false
700,Radhaballav Jiu Bighroho Mondir,,,,23.720519,90.379548,Hindu place of worship listed in OpenStreetMap.,,Temple,,,,,[],[],false,false
701,Radhagobinda Temple,,Khulna,Khulna,22.595467,89.475089,"Hindu place of worship listed in OpenStreetMap, Khulna.",,Temple,,,,,[],[],false,false
702,radhagobindo temple,,Khulna,khulna,22.636605,89.475715,"Hindu place of worship listed in OpenStreetMap, khulna.",,Temple,,,,,[],[],false,false
703,Radhakrishna Temple,,,"bodder hat shaka, Salimpur, Salimpur Union, Chattogram",22.386719,91.766155,Hindu place of worship listed in OpenStreetMap.,,Temple,,,,,[],[],false,false
704,Radhamadhob Vhobon,,,,22.205112,92.034722,Hindu place of worship listed in OpenStreetMap.,,Temple,,,,,[],[],false,false
705,Radhamohon Jeo Mondir,,,,24.923431,89.949531,Hindu place of worship listed in OpenStreetMap.,,Temple,,,,,[],[],false,false
706,Raghunath Bigrah Mandir,,Jessore,Jessore,23.145026,89.236856,"Hindu place of worship listed in OpenStreetMap, Jessore.",,Temple,,,,,[],[],false,false
707,Raipur Sri Sri Baba Loknath Sevasram,,,"Mirsharai, Chittagong",22.830333,91.550051,Hindu place of worship listed in OpenStreetMap.,,Temple,,,,,[],[],false,false
708,Raj Bonshi Kali Temple,,,Kikrali Khal Par Vari Road,22.683274,89.067875,Hindu place of worship listed in OpenStreetMap.,,Temple,,,,,[],[],false,false
709,Raj Shoshanshwari- Shiv Mondir,,,,24.006929,90.430628,Hindu place of worship listed in OpenStreetMap.,,Temple,,,,,[],[],false,false
710,Rajar Bagan Das Para Kali Mondir,,,Muchipara Road,22.710886,89.086987,Hindu place of worship listed in OpenStreetMap.,,Temple,,,,,[],[],false,false
711,Rajarhata Shib Mondir,,,Rajshahi,24.368800,88.597356,Hindu place of worship listed in OpenStreetMap.,,Temple,,,,,[],[],false,false
712,Rajeshwar Thakur House Gobind Temple,,Bagerhat,Bagerhat,22.285073,89.841887,"Hindu place of worship listed in OpenStreetMap, Bagerhat.",,Temple,,,,,[],[],false,false
713,Rajfulbaria Gour Mandir,,,,23.811770,90.250120,Hindu place of worship listed in OpenStreetMap.,,Temple,,,,,[],[],false,false
714,Rajnogar Radhagobindo & Durga Temple,,Khulna,Khulna,22.553895,89.463200,"Hindu place of worship listed in OpenStreetMap, Khulna.",,Temple,,,,,[],[],false,false
715,Rakha Mari Sorbo Jonin Durga Temple,,Khulna,Khulna,22.554278,89.456900,"Hindu place of worship listed in OpenStreetMap, Khulna.",,Temple,,,,,[],[],false,false
716,Ram Thakur Mondir,,,"Baraiyarhat, Chittagong",22.892822,91.534572,Hindu place of worship listed in OpenStreetMap.,,Temple,,,,,[],[],false,false
717,Ramakrishna Mission,রামকৃষ্ণ আশ্রম ও রামকৃষ্ণ মিশন,,,23.163175,89.496710,Hindu place of worship listed in OpenStreetMap.,,Temple,,,,,[],[],false,false
718,Ramakrishna Mission Mondir,,,,23.720863,90.423610,Hindu place of worship listed in OpenStreetMap.,,Temple,,,,,[],[],false,false
719,Ramakrishna temple,,,"Sachna, Jamalgonj",25.015482,91.236367,Hindu place of worship listed in OpenStreetMap.,,Temple,,,,,[],[],false,false
720,Ramchondropur Para Baroary Mondir,,,,24.671720,89.417270,Hindu place of worship listed in OpenStreetMap.,,Temple,,,,,[],[],false,false
721,Ramkrishna MIssion And Ramkrishna Ashrom,,,,22.665302,89.786141,Hindu place of worship listed in OpenStreetMap.,,Temple,,,,,[],[],false,false
722,Ramnagar Mandir,,kalia,"kalia, Kalia, Narail, 7520",23.042440,89.633211,"Hindu place of worship listed in OpenStreetMap, kalia.",,Temple,,,,,[],[],false,false
723,Rampur Akhirapar Hari Mandir,,,,25.837557,88.664965,Hindu place of worship listed in OpenStreetMap.,,Temple,,,,,[],[],false,false
724,RamSita Bigroh Jew Mandir Saidpur,,,,25.777887,88.893009,Hindu place of worship listed in OpenStreetMap.,,Temple,,,,,[],[],false,false
725,Rani Deenmani Mahashashman Ghat,,,,24.237284,89.902421,Hindu place of worship listed in OpenStreetMap.,,Temple,,,,,[],[],false,false
726,Rath Mandir,,,,23.036652,89.632507,Hindu place of worship listed in OpenStreetMap.,,Temple,,,,,[],[],false,false
727,Rauzan,,,"Chittagong-Rangamati Road, Raozan, Chattogram",22.533610,91.891505,Hindu place of worship listed in OpenStreetMap.,,Temple,,,,,[],[],false,false
728,Rayenda Bazar Public Kali and Durga Temple,,Bagerhat,Bagerhat,22.314280,89.854836,"Hindu place of worship listed in OpenStreetMap, Bagerhat.",,Temple,,,,,[],[],false,false
729,Rayer Bazar Mohap Savar Mondir,,,,23.746727,90.364605,Hindu place of worship listed in OpenStreetMap.,,Temple,,,,,[],[],false,false
730,Rekha Mari Kali temple,,Khulna,Khulna,22.548653,89.452634,"Hindu place of worship listed in OpenStreetMap, Khulna.",,Temple,,,,,[],[],false,false
731,Rishi Dham ঋষি ধাম,Rishi Dham ঋষি ধাম,,,22.080860,91.937819,Hindu place of worship listed in OpenStreetMap.,,Temple,,,,,[],[],false,false
732,Rishi Para Durga Mandir Puja Mandav,,,,24.713334,90.164561,Hindu place of worship listed in OpenStreetMap.,,Temple,,,,,[],[],false,false
733,Rishipara shoshan,,,,23.989231,90.352310,Hindu place of worship listed in OpenStreetMap.,,Temple,,,,,[],[],false,false
734,ROBIDAS BARI SNAN GHAT,,,,23.918942,90.783622,Hindu place of worship listed in OpenStreetMap.,,Temple,,,,,[],[],false,false
735,Rogunath Mondir,,,,24.759980,90.410526,Hindu place of worship listed in OpenStreetMap.,,Temple,,,,,[],[],false,false
736,Rosulpur Kali Temple,,Sunamganj,Sunamganj,25.107795,91.208829,"Hindu place of worship listed in OpenStreetMap, Sunamganj.",,Temple,,,,,[],[],false,false
737,RUET Central Temple,রুয়েট সেন্ট্রাল টেম্পল,Rajshahi,"Guest House Road, Rajshahi, 6204",24.366800,88.628722,"Hindu place of worship listed in OpenStreetMap, Rajshahi.",,Temple,,,,,[],[],false,false
738,Rupdia Mondir,,,,23.127228,89.290768,Hindu place of worship listed in OpenStreetMap.,,Temple,,,,,[],[],false,false
739,Rupshy God Temple,,Sunamganj,sunamganj,24.749629,91.234315,"Hindu place of worship listed in OpenStreetMap, sunamganj.",,Temple,,,,,[],[],false,false
740,Saat Pukuriya Sitola Mandir,,Bagerhat,Bagerhat,22.487655,89.691179,"Hindu place of worship listed in OpenStreetMap, Bagerhat.",,Temple,,,,,[],[],false,false
741,Sabujnagar Durga Mandir সবুজনগর দূর্গা মন্দির,Sabujnagar Durga Mandir সবুজনগর দূর্গা মন্দির,,,25.100663,89.036644,Hindu place of worship listed in OpenStreetMap.,,Temple,,,,,[],[],false,false
742,Safipur Central Temple,,,,24.025782,90.275014,Hindu place of worship listed in OpenStreetMap.,,Temple,,,,,[],[],false,false
743,Saha Bhaban Durga Mandir,,,,24.058695,89.874017,Hindu place of worship listed in OpenStreetMap.,,Temple,,,,,[],[],false,false
744,Sahapur Durga Temple,,,,24.948375,90.344139,Hindu place of worship listed in OpenStreetMap.,,Temple,,,,,[],[],false,false
745,Saheber Metho Sarbojonin Puja Mandir,,Bagerhat,Bagerhat,22.451189,89.707912,"Community (sarbojanin) puja venue listed in OpenStreetMap, Bagerhat.",,Sarbojonin,,,,,[],[],false,false
746,Sajapur Kalibari,,Zakiganj,"Zakiganj-Sylhet Rd, Zakiganj",24.917286,92.455403,"Hindu place of worship listed in OpenStreetMap, Zakiganj.",,Temple,,,,,[],[],false,false
747,Sakowa BM College,,,,26.181067,88.623092,Hindu place of worship listed in OpenStreetMap.,,Temple,,,,,[],[],false,false
748,Sarbajanin Shri Shri Durga Mandir,,,,24.671943,89.417256,Community (sarbojanin) puja venue listed in OpenStreetMap.,,Sarbojonin,,,,,[],[],false,false
749,Sarbojonin sitla mondir,,,"South bashbari, Chattogram",22.538931,91.697534,Community (sarbojanin) puja venue listed in OpenStreetMap.,,Sarbojonin,,,,,[],[],false,false
750,Sarbojonin Sri Sri Radha Gobindo Mondir,সার্বজনীন শ্রী শ্রী রাধা গোবিন্দ মন্দির,,,24.663342,90.843923,Community (sarbojanin) puja venue listed in OpenStreetMap.,,Sarbojonin,,,,,[],[],false,false
751,Sat Sango Hindu Temple,,,,25.677952,88.653605,Hindu place of worship listed in OpenStreetMap.,,Temple,,,,,[],[],false,false
752,Satya Narayan Mandir,,Alamdanga,"Alamdanga Chartola More, Alamdanga, 7210",23.760345,88.949098,"Hindu place of worship listed in OpenStreetMap, Alamdanga.",,Temple,,,,,[],[],false,false
753,Satyachra Barabari,,,,24.137052,90.021597,Hindu place of worship listed in OpenStreetMap.,,Temple,,,,,[],[],false,false
754,Savar Panchobati Mondir,,,,23.848244,90.245163,Hindu place of worship listed in OpenStreetMap.,,Temple,,,,,[],[],false,false
755,Sebakhola Mondir,,,"Ishan Mohajon Rd, Salimpur, Chattogram",22.370417,91.772401,Hindu place of worship listed in OpenStreetMap.,,Temple,,,,,[],[],false,false
756,Sebashram সেবাশ্রম,Sebashram সেবাশ্রম,,,24.819541,88.939068,Hindu place of worship listed in OpenStreetMap.,,Temple,,,,,[],[],false,false
757,Seeb mondir/Kali mondir,,,,24.931980,89.943902,Hindu place of worship listed in OpenStreetMap.,,Temple,,,,,[],[],false,false
758,"Sen Bari Rokkha Kali Mondir, Sultana Mondir, Chattogram",,,,22.534089,91.697452,Hindu place of worship listed in OpenStreetMap.,,Temple,,,,,[],[],false,false
759,Sen Bari Temple,,kalia,"kalia, Kalia, Narail, 7520",23.036653,89.632497,"Hindu place of worship listed in OpenStreetMap, kalia.",,Temple,,,,,[],[],false,false
760,Shaheenbagh Universal Puja Celebration Parishad,,,,23.775493,90.393453,Hindu place of worship listed in OpenStreetMap.,,Temple,,,,,[],[],false,false
761,Shakbariya Sorbojonin Hori Temple,,Khulna,Khulna,22.285979,89.329131,"Hindu place of worship listed in OpenStreetMap, Khulna.",,Temple,,,,,[],[],false,false
762,Shama Mondir শ্রী শ্রী শ্যামা মন্দির,Shama Mondir শ্রী শ্রী শ্যামা মন্দির,,,22.121215,91.920807,Hindu place of worship listed in OpenStreetMap.,,Temple,,,,,[],[],false,false
763,Shamadhi Mandir,,,,23.036640,89.632355,Hindu place of worship listed in OpenStreetMap.,,Temple,,,,,[],[],false,false
764,Shani Mandir,,Habiganj,"Thana Road, Habiganj, 3300",24.373732,91.416082,"Hindu place of worship listed in OpenStreetMap, Habiganj.",,Temple,,,,,[],[],false,false
765,Shantipur Durga Mandir,,,,25.513938,89.291459,Hindu place of worship listed in OpenStreetMap.,,Temple,,,,,[],[],false,false
766,Shathibari Central Mahaswasan Temple,,,,25.535950,89.284236,Hindu place of worship listed in OpenStreetMap.,,Temple,,,,,[],[],false,false
767,Shathibari Universal Central Durga Temple,,,,25.540118,89.283285,Hindu place of worship listed in OpenStreetMap.,,Temple,,,,,[],[],false,false
768,Sheree Sheree Shamsundor Iskon,,,Rashida School Road,22.706486,89.084725,Hindu place of worship listed in OpenStreetMap.,,Temple,,,,,[],[],false,false
769,Shetola Bari Mondir,,Khulna,"Dolkhola Bazar Rd, Khulna",22.806918,89.561166,"Hindu place of worship listed in OpenStreetMap, Khulna.",,Temple,,,,,[],[],false,false
770,Shetola Mondir,,,,25.106057,88.998290,Hindu place of worship listed in OpenStreetMap.,,Temple,,,,,[],[],false,false
771,Sheujgari Palpara Sarbojonin Durga Mandir,,,,24.846798,89.363439,Community (sarbojanin) puja venue listed in OpenStreetMap.,,Sarbojonin,,,,,[],[],false,false
772,Shib Mandir,,,,23.036646,89.632416,Hindu place of worship listed in OpenStreetMap.,,Temple,,,,,[],[],false,false
773,Shib Mandir,,,,23.781061,90.519176,Hindu place of worship listed in OpenStreetMap.,,Temple,,,,,[],[],false,false
774,Shib Mondir,,,,25.130077,90.679843,Hindu place of worship listed in OpenStreetMap.,,Temple,,,,,[],[],false,false
775,Shib Mondir,,,,24.679342,88.155840,Hindu place of worship listed in OpenStreetMap.,,Temple,,,,,[],[],false,false
776,Shib temple,,Kurigram,Kurigram,25.626850,89.667649,"Hindu place of worship listed in OpenStreetMap, Kurigram.",,Temple,,,,,[],[],false,false
777,Shibbari puza mondir,,,,22.870835,89.543918,Hindu place of worship listed in OpenStreetMap.,,Temple,,,,,[],[],false,false
778,Shibbati Katnarpara Harijan Colony Durga Puja Mandap,,,,24.861786,89.372314,Hindu place of worship listed in OpenStreetMap.,,Temple,,,,,[],[],false,false
779,Shibbaty shibsongho bogura,,,,24.860397,89.375030,Hindu place of worship listed in OpenStreetMap.,,Temple,,,,,[],[],false,false
780,Shiddheshwari Kali Mandir Mokrampur Natore,,,"Rajshahi - Dhaka Hwy, Natore",24.398467,89.032687,Hindu place of worship listed in OpenStreetMap.,,Temple,,,,,[],[],false,false
781,Shiladarchar Cremation Kali Mandir,,,,23.381531,89.992334,Hindu place of worship listed in OpenStreetMap.,,Temple,,,,,[],[],false,false
782,Shingho Chok Durga Temple,,Khulna,Khulna,22.443676,89.362466,"Hindu place of worship listed in OpenStreetMap, Khulna.",,Temple,,,,,[],[],false,false
783,Shitola Mondir,শীতলা মন্দির,,,25.636229,88.640107,Hindu place of worship listed in OpenStreetMap.,,Temple,,,,,[],[],false,false
784,Shituli Devi Temple,,,,24.708111,92.201668,Hindu place of worship listed in OpenStreetMap.,,Temple,,,,,[],[],false,false
785,Shiv Mandir,,,,23.721055,90.413907,Hindu place of worship listed in OpenStreetMap.,,Temple,,,,,[],[],false,false
786,Shiv Mandir,,Sunamganj - Sylhet Hwy,Sunamganj - Sylhet Hwy,24.948293,91.399306,"Hindu place of worship listed in OpenStreetMap, Sunamganj - Sylhet Hwy.",,Temple,,,,,[],[],false,false
787,Shiv Mandir,,,,25.818529,89.044412,Hindu place of worship listed in OpenStreetMap.,,Temple,,,,,[],[],false,false
788,Shiv Mondir,,Jessore,Jessore,23.144492,89.204191,"Hindu place of worship listed in OpenStreetMap, Jessore.",,Temple,,,,,[],[],false,false
789,Shiv Temple,,,,24.812671,88.943824,Hindu place of worship listed in OpenStreetMap.,,Temple,,,,,[],[],false,false
790,Shiv Temple হিন্দু মন্দির,Shiv Temple হিন্দু মন্দির,,,25.773733,88.876933,Hindu place of worship listed in OpenStreetMap.,,Temple,,,,,[],[],false,false
791,Shiva and Mansadevi Temple,,,,25.513052,89.291871,Hindu place of worship listed in OpenStreetMap.,,Temple,,,,,[],[],false,false
792,Shiva Danga Shiva Mandir,,,,25.889047,88.629085,Hindu place of worship listed in OpenStreetMap.,,Temple,,,,,[],[],false,false
793,Shiva Temple,,,Shahid Minar Rd,23.731264,90.395492,Hindu place of worship listed in OpenStreetMap.,,Temple,,,,,[],[],false,false
794,shiva temple,,,,23.729167,90.393043,Hindu place of worship listed in OpenStreetMap.,,Temple,,,,,[],[],false,false
795,Shiva Temple,,,,24.221539,89.905473,Hindu place of worship listed in OpenStreetMap.,,Temple,,,,,[],[],false,false
796,"Shiva temple, Sultana Mondir, Sultana Mondir, Chattogram",,,,22.532146,91.696929,Hindu place of worship listed in OpenStreetMap.,,Temple,,,,,[],[],false,false
797,Shivpur Kalimandir,,,,24.283842,89.923043,Hindu place of worship listed in OpenStreetMap.,,Temple,,,,,[],[],false,false
798,Shorif pur Kali Mondir,,Sunamganj,Sunamganj,25.084994,91.061194,"Hindu place of worship listed in OpenStreetMap, Sunamganj.",,Temple,,,,,[],[],false,false
799,Shoshan,,,,23.044613,89.627487,Hindu place of worship listed in OpenStreetMap.,,Temple,,,,,[],[],false,false
800,Shoshan Ghat Temple,,,,23.715215,90.383666,Hindu place of worship listed in OpenStreetMap.,,Temple,,,,,[],[],false,false
801,Shre Shre Gobindo Mondir,,Bagerhat,Bagerhat,22.223771,89.823364,"Hindu place of worship listed in OpenStreetMap, Bagerhat.",,Temple,,,,,[],[],false,false
802,Shre Shre Hori Mondir Pashcim Calitabunia Sarbojononi Puja Mondir,,Bagerhat,Bagerhat,22.222865,89.819414,"Community (sarbojanin) puja venue listed in OpenStreetMap, Bagerhat.",,Sarbojonin,,,,,[],[],false,false
803,Shree Krishna Temple,,,"Dhaka - Chittagong Hwy, Salimpur, Salimpur Union, Chattogram",22.382097,91.764398,Hindu place of worship listed in OpenStreetMap.,,Temple,,,,,[],[],false,false
804,Shree Shree Baba Loknath Temple,,,Malopara Road,22.649012,89.801609,Hindu place of worship listed in OpenStreetMap.,,Temple,,,,,[],[],false,false
805,Shree Shree Durga Mata Temple,,"Pirganj, Thakurgaon","Ramdebpur Vamda road, Pirganj, Thakurgaon, 5110",25.917408,88.407589,"Hindu place of worship listed in OpenStreetMap, Pirganj, Thakurgaon.",,Temple,,,,,[],[],false,false
806,Shree Shree Gopinath Onnopurna Temple,,,,25.019997,90.020161,Hindu place of worship listed in OpenStreetMap.,,Temple,,,,,[],[],false,false
807,Shree Shree Hari Takur Temple,,Bhola,Bhola,22.590992,90.659826,"Hindu place of worship listed in OpenStreetMap, Bhola.",,Temple,,,,,[],[],false,false
808,Shree Shree Harisabha Mandir,,,,22.658465,89.794229,Hindu place of worship listed in OpenStreetMap.,,Temple,,,,,[],[],false,false
809,Shree Shree Loknath Temple,,,"Nandan Kanan No 1 Ln, Chattogram",22.340782,91.831214,Hindu place of worship listed in OpenStreetMap.,,Temple,,,,,[],[],false,false
810,Shree Shree Maa Kali Temple,,,,25.708776,89.261108,Hindu place of worship listed in OpenStreetMap.,,Temple,,,,,[],[],false,false
811,Shree Shree Nittyananda dham mondir,,,"Sadarghat Rd, Chattogram",22.329062,91.834562,Hindu place of worship listed in OpenStreetMap.,,Temple,,,,,[],[],false,false
812,Shree Shree Radha Gobinda Temple,,,,22.658135,89.795250,Hindu place of worship listed in OpenStreetMap.,,Temple,,,,,[],[],false,false
813,Shree Shree Radha Krishna Mandir,,,"Daspara, East, Bhatiari, Chattogram",22.427922,91.748066,Hindu place of worship listed in OpenStreetMap.,,Temple,,,,,[],[],false,false
814,Shree Shree Radha Krishna Temple,শ্রী শ্রী রাধা কৃষ্ণ মন্দির,,,23.775358,90.394875,Hindu place of worship listed in OpenStreetMap.,,Temple,,,,,[],[],false,false
815,Shree Shree Rakshwa Kali Mondir,,,,24.437252,89.008710,Hindu place of worship listed in OpenStreetMap.,,Temple,,,,,[],[],false,false
816,Shree Shree Ram Thakur Temple,,,"Boroda Bishwas Rd, Salimpur, Chattogram",22.373308,91.766015,Hindu place of worship listed in OpenStreetMap.,,Temple,,,,,[],[],false,false
817,Shree Shree Shitola Mondir,,,,22.658673,89.784387,Hindu place of worship listed in OpenStreetMap.,,Temple,,,,,[],[],false,false
818,Shree Shree Shmashaneshwari Kali Mata Mandir,,,"Chittagong - Rangamati-Khagrachhari Rd, Chattogram",22.443378,91.819685,Hindu place of worship listed in OpenStreetMap.,,Temple,,,,,[],[],false,false
819,Shree Shree Shomvugonj Mohashoshan Kali Mandir,,,,24.765136,90.448717,Hindu place of worship listed in OpenStreetMap.,,Temple,,,,,[],[],false,false
820,Shri Guru Bajkishore Ashram,,Sylhet,"Zakiganj, Sylhet",24.946972,92.369236,"Hindu place of worship listed in OpenStreetMap, Sylhet.",,Temple,,,,,[],[],false,false
821,Shri Kali Mandir,,,,23.742239,90.366677,Hindu place of worship listed in OpenStreetMap.,,Temple,,,,,[],[],false,false
822,Shri Radha Madan Gopal Jiu Mandir,,,,23.847226,89.815465,Hindu place of worship listed in OpenStreetMap.,,Temple,,,,,[],[],false,false
823,Shri Shitla Mandir,,,"Saidpur, Chittagong",22.631976,91.652881,Hindu place of worship listed in OpenStreetMap.,,Temple,,,,,[],[],false,false
824,Shri Shri Bhairav ​​Mandir,,,,24.688833,92.179621,Hindu place of worship listed in OpenStreetMap.,,Temple,,,,,[],[],false,false
825,Shri Shri bhavatharini Temple,,,,24.761558,90.401167,Hindu place of worship listed in OpenStreetMap.,,Temple,,,,,[],[],false,false
826,Shri Shri Chandi Mandav,,,,24.416062,88.990758,Hindu place of worship listed in OpenStreetMap.,,Temple,,,,,[],[],false,false
827,Shri shri Durga Mondir,,,,23.847882,90.245481,Hindu place of worship listed in OpenStreetMap.,,Temple,,,,,[],[],false,false
828,Shri Shri Hanuman Mandir,,,,24.416090,88.990695,Hindu place of worship listed in OpenStreetMap.,,Temple,,,,,[],[],false,false
829,Shri Shri Jagonnath dev Mondir,,,,24.985243,90.080015,Hindu place of worship listed in OpenStreetMap.,,Temple,,,,,[],[],false,false
830,Shri Shri Kali Mandir,,,,24.916635,89.951483,Hindu place of worship listed in OpenStreetMap.,,Temple,,,,,[],[],false,false
831,Shri Shri Loknath Brahmachari Ashram & Mondir,,,"Postal Residential Quarters, Rajshahi",24.398628,88.605466,Hindu place of worship listed in OpenStreetMap.,,Temple,,,,,[],[],false,false
832,Shri Shri Narayan Ashrom,,,Bariyadhala,22.674770,91.634147,Hindu place of worship listed in OpenStreetMap.,,Temple,,,,,[],[],false,false
833,Shri Shri Radha Gobinda Ziu Temple in front of Sandesh Master Home,,Bhola,Bhola,22.582372,90.640933,"Hindu place of worship listed in OpenStreetMap, Bhola.",,Temple,,,,,[],[],false,false
834,Shri Shri Radha Govinda Mandir,,,"Naogaon - Natore Hwy, Mirat, Naogaon",24.652865,88.943367,Hindu place of worship listed in OpenStreetMap.,,Temple,,,,,[],[],false,false
835,Shri Shri Ramakrishno Ashram and Mandir,,,,26.030009,88.460187,Hindu place of worship listed in OpenStreetMap.,,Temple,,,,,[],[],false,false
836,Shri Shri Ramna Kali Temple,রমনা কালী মন্দির,,,23.731214,90.399550,Hindu place of worship listed in OpenStreetMap and Wikidata.,https://commons.wikimedia.org/wiki/Special:FilePath/Ramna_Kali_Mondir_Gate.jpg,Temple,,,,,[],[],true,false
837,Shri Shri Shiv Mandir,,,,24.415898,88.990640,Hindu place of worship listed in OpenStreetMap.,,Temple,,,,,[],[],false,false
838,Shri shri Shoni Mondir,,,,23.848341,90.245591,Hindu place of worship listed in OpenStreetMap.,,Temple,,,,,[],[],false,false
839,Shri Sri Chandkali Temple,,,,25.776933,88.744613,Hindu place of worship listed in OpenStreetMap.,,Temple,,,,,[],[],false,false
840,Shri Sri Durga Kali and Barwari Temple Shathibari,,,,25.534886,89.282393,Hindu place of worship listed in OpenStreetMap.,,Temple,,,,,[],[],false,false
841,Shri Sri Durga Mata Mandir,,,,25.018734,90.015133,Hindu place of worship listed in OpenStreetMap.,,Temple,,,,,[],[],false,false
842,Shri Sri Durga Temple Grounds,,,,24.856280,89.372728,Hindu place of worship listed in OpenStreetMap.,,Temple,,,,,[],[],false,false
843,Shri Sri Ganga Mata Temple,,,,25.095494,90.191653,Hindu place of worship listed in OpenStreetMap.,,Temple,,,,,[],[],false,false
844,Shri Sri Gauranga Mahaprabhu Akhra,,,,24.616879,92.132578,Hindu place of worship listed in OpenStreetMap.,,Temple,,,,,[],[],false,false
845,Shri Sri Gopal Jiu Mandir,,,West Para,24.499554,89.508385,Hindu place of worship listed in OpenStreetMap.,,Temple,,,,,[],[],false,false
846,Shri Sri Gopinath Jiu Vigraha,,,,25.340680,89.343387,Hindu place of worship listed in OpenStreetMap.,,Temple,,,,,[],[],false,false
847,Shri Sri Hari Mandir,,,,25.342654,89.343142,Hindu place of worship listed in OpenStreetMap.,,Temple,,,,,[],[],false,false
848,Shri Sri Hari Mandir,,,,25.977399,88.840511,Hindu place of worship listed in OpenStreetMap.,,Temple,,,,,[],[],false,false
849,Shri Sri Jagannath Temple,,,,24.726183,89.315449,Hindu place of worship listed in OpenStreetMap.,,Temple,,,,,[],[],false,false
850,Shri Sri Kali Kal Bhairav ​​Shitali Mandir,,,,24.595523,92.116315,Hindu place of worship listed in OpenStreetMap.,,Temple,,,,,[],[],false,false
851,Shri Sri Kalibari Vishnu Mandir,,,,26.160394,88.673493,Hindu place of worship listed in OpenStreetMap.,,Temple,,,,,[],[],false,false
852,Shri Sri Mahakal Temple,,,,24.970835,90.151573,Hindu place of worship listed in OpenStreetMap.,,Temple,,,,,[],[],false,false
853,Shri Sri Radha Govinda Temple,,Bhola,Bhola,22.548991,90.736352,"Hindu place of worship listed in OpenStreetMap, Bhola.",,Temple,,,,,[],[],false,false
854,Shri Sri Siddhidata Ganesh Temple,,,,24.972556,90.150264,Hindu place of worship listed in OpenStreetMap.,,Temple,,,,,[],[],false,false
855,Shwashan Ghat,,,,25.809542,89.133306,Hindu place of worship listed in OpenStreetMap.,,Temple,,,,,[],[],false,false
856,Shyam Smriti Seva Ashram,,,Hamidpur,24.393184,89.993029,Hindu place of worship listed in OpenStreetMap.,,Temple,,,,,[],[],false,false
857,Shyamsiddhir Moth,,,,23.539538,90.274282,Hindu place of worship listed in OpenStreetMap.,,Temple,,,,,[],[],false,false
858,Shyamsundar Bigraha Temple,শ্যাম সুন্দর বিগ্রহ মন্দির,,,24.419727,88.991162,Hindu place of worship listed in OpenStreetMap.,,Temple,,,,,[],[],false,false
859,Shymkhali Universal Temple,,Khulna,Khulna,22.395308,89.291639,"Hindu place of worship listed in OpenStreetMap, Khulna.",,Temple,,,,,[],[],false,false
860,Sibnagor Sorbojanin Kali Temple,,Khulna,Khulna,22.539915,89.472953,"Hindu place of worship listed in OpenStreetMap, Khulna.",,Temple,,,,,[],[],false,false
861,Sibsha Temple,শিবসা টেম্পল,,,22.221876,89.496117,Hindu place of worship listed in OpenStreetMap.,,Temple,,,,,[],[],false,false
862,Sikh Temple,,,"Shahid Ln, Chattogram",22.358378,91.790788,Hindu place of worship listed in OpenStreetMap.,,Temple,,,,,[],[],false,false
863,Sir Radha Govinda Mondir,,,,22.476269,90.717160,Hindu place of worship listed in OpenStreetMap.,,Temple,,,,,[],[],false,false
864,Sitla Mandir,,,,25.497868,88.954642,Hindu place of worship listed in OpenStreetMap.,,Temple,,,,,[],[],false,false
865,Smasana Kali Matara Mandira,,,,24.999114,90.007299,Hindu place of worship listed in OpenStreetMap.,,Temple,,,,,[],[],false,false
866,Soair Hori Mandir,,,,24.576942,89.167430,Hindu place of worship listed in OpenStreetMap.,,Temple,,,,,[],[],false,false
867,Sokal Bazar Ma Kali Mondir,,,,24.676070,89.415446,Hindu place of worship listed in OpenStreetMap.,,Temple,,,,,[],[],false,false
868,Someshwar Shiva Mandir,,,,24.755970,90.413997,Hindu place of worship listed in OpenStreetMap.,,Temple,,,,,[],[],false,false
869,Sona Pukur Durga Temple সোনা পুকুর দুর্গা মন্দির,Sona Pukur Durga Temple সোনা পুকুর দুর্গা মন্দির,,,25.771115,88.864241,Hindu place of worship listed in OpenStreetMap.,,Temple,,,,,[],[],false,false
870,Sonarong Joramoth,,,,23.522385,90.459184,Hindu place of worship listed in OpenStreetMap.,,Temple,,,,,[],[],false,false
871,Sonatola Mandir,,,,22.652368,89.779777,Hindu place of worship listed in OpenStreetMap.,,Temple,,,,,[],[],false,false
872,Sonatoli Panchagram Temple,,Bagerhat,Bagerhat,22.479786,89.739708,"Hindu place of worship listed in OpenStreetMap, Bagerhat.",,Temple,,,,,[],[],false,false
873,Sordar Bari Kali temple,,Khulna,Khulna,22.518853,89.462874,"Hindu place of worship listed in OpenStreetMap, Khulna.",,Temple,,,,,[],[],false,false
874,Soroshoti Bari,,,,21.443720,91.976016,Hindu place of worship listed in OpenStreetMap.,,Temple,,,,,[],[],false,false
875,Sosan Kali Mandir,শ্মশান কালি মন্দির,Badarganj,"Eidgah Road, Badarganj, 5430",25.680249,89.054316,"Hindu place of worship listed in OpenStreetMap, Badarganj.",,Temple,,,,,[],[],false,false
876,Sotsongo Mondir,,,,22.230218,89.158053,Hindu place of worship listed in OpenStreetMap.,,Temple,,,,,[],[],false,false
877,South Area Kali Temple,,Khulna,Khulna,22.449210,89.343688,"Hindu place of worship listed in OpenStreetMap, Khulna.",,Temple,,,,,[],[],false,false
878,South Area Temple,,Khulna,Khulna,22.451284,89.333755,"Hindu place of worship listed in OpenStreetMap, Khulna.",,Temple,,,,,[],[],false,false
879,South Banshbaria Pooja Celebration Parishad (Tamaltal),,,"South, Chattogram",22.541821,91.692842,Hindu place of worship listed in OpenStreetMap.,,Temple,,,,,[],[],false,false
880,South Gonari Upen General Kali Temple,,Khulna,Khulna,22.464493,89.437546,"Hindu place of worship listed in OpenStreetMap, Khulna.",,Temple,,,,,[],[],false,false
881,South hadda bonobibi mondir,,Khulna,Khulna,22.451309,89.409504,"Hindu place of worship listed in OpenStreetMap, Khulna.",,Temple,,,,,[],[],false,false
882,South hadda kali and durga temple,,Khulna,Khulna,22.450134,89.407159,"Hindu place of worship listed in OpenStreetMap, Khulna.",,Temple,,,,,[],[],false,false
883,South hadda kali mondir,,Khulna,Khulna,22.450362,89.385399,"Hindu place of worship listed in OpenStreetMap, Khulna.",,Temple,,,,,[],[],false,false
884,south hadda mondir,,Khulna,Khulna,22.462541,89.416743,"Hindu place of worship listed in OpenStreetMap, Khulna.",,Temple,,,,,[],[],false,false
885,South Joy Nagar Sorbojanin Kali Temple,,Khulna,Khulna,22.539639,89.465680,"Hindu place of worship listed in OpenStreetMap, Khulna.",,Temple,,,,,[],[],false,false
886,South Masjidda Public Sri Sri Kali Temple,,,"Kumira, Chittagong",22.520624,91.701880,Hindu place of worship listed in OpenStreetMap.,,Temple,,,,,[],[],false,false
887,South Mohesshoripur Temple,,Khulna,Khulna,22.443208,89.359054,"Hindu place of worship listed in OpenStreetMap, Khulna.",,Temple,,,,,[],[],false,false
888,South Mothbaria universal Kali Temple,,Khulna,Khulna,22.353424,89.321646,"Hindu place of worship listed in OpenStreetMap, Khulna.",,Temple,,,,,[],[],false,false
889,Sravanai Shaktipeeth Karunakumari,,,"Uttar, Sonaichhari, Chittagong",22.509977,91.701264,Hindu place of worship listed in OpenStreetMap.,,Temple,,,,,[],[],false,false
890,Sre Sre Sorbojannin Thakur Temple.,,Bagerhat,Bagerhat,22.520174,89.640803,"Hindu place of worship listed in OpenStreetMap, Bagerhat.",,Temple,,,,,[],[],false,false
891,Sree Maa Kali Mandir,,,,24.886146,90.727481,Hindu place of worship listed in OpenStreetMap.,,Temple,,,,,[],[],false,false
892,Sree Nagar Kali temple,,Khulna,Khulna,22.511132,89.491162,"Hindu place of worship listed in OpenStreetMap, Khulna.",,Temple,,,,,[],[],false,false
893,Sree Sree anondomoie Kali Temple,,,,24.812827,88.943893,Hindu place of worship listed in OpenStreetMap.,,Temple,,,,,[],[],false,false
894,Sree Sree Baradeshwari Kalimata Temple,বরদেশ্বরী কালী মন্দির,Dhaka District,,23.738737,90.444278,Hindu place of worship listed in OpenStreetMap and Wikidata.,https://commons.wikimedia.org/wiki/Special:FilePath/%E0%A6%AC%E0%A6%B0%E0%A6%A6%E0%A7%87%E0%A6%B6%E0%A7%8D%E0%A6%AC%E0%A6%B0%E0%A7%80_%E0%A6%95%E0%A6%BE%E0%A6%B2%E0%A7%80%E0%A6%AE%E0%A6%A8%E0%A7%8D%E0%A6%A6%E0%A6%BF%E0%A6%B0.jpg,Temple,,,,,[],[],true,false
895,Sree Sree Bisway karma Dev Mondir,,Sunamganj,Sunamganj,24.761014,91.260017,"Hindu place of worship listed in OpenStreetMap, Sunamganj.",,Temple,,,,,[],[],false,false
896,Sree Sree Durga Mandob,,,,24.916051,89.951761,Hindu place of worship listed in OpenStreetMap.,,Temple,,,,,[],[],false,false
897,Sree Sree Durga Mondir শ্রী শ্রী দুর্গা মন্দির,Sree Sree Durga Mondir শ্রী শ্রী দুর্গা মন্দির,,,24.676030,89.413529,Hindu place of worship listed in OpenStreetMap.,,Temple,,,,,[],[],false,false
898,Sree Sree Durga Temple,,Khulna,Khulna,22.597968,89.466409,"Hindu place of worship listed in OpenStreetMap, Khulna.",,Temple,,,,,[],[],false,false
899,Sree sree Durga temple,,Khulna,Khulna,22.527951,89.421582,"Hindu place of worship listed in OpenStreetMap, Khulna.",,Temple,,,,,[],[],false,false
900,Sree Sree Gopal Rayer Mondir,,,,24.403557,89.677197,Hindu place of worship listed in OpenStreetMap.,,Temple,,,,,[],[],false,false
901,Sree Sree Hari Bashor,,,,25.812508,88.676810,Hindu place of worship listed in OpenStreetMap.,,Temple,,,,,[],[],false,false
902,Sree Sree Hari Temple,,,,24.807332,88.945418,Hindu place of worship listed in OpenStreetMap.,,Temple,,,,,[],[],false,false
904,Sree Sree Jalakumari Mandir,,,"Ishan Mohajon Rd, Salimpur, Chattogram",22.369402,91.772558,Hindu place of worship listed in OpenStreetMap.,,Temple,,,,,[],[],false,false
905,Sree Sree Jomuna Mau Asrom Mondir,,Dhaka,Dhaka,23.700354,90.424702,"Hindu place of worship listed in OpenStreetMap, Dhaka.",,Temple,,,,,[],[],false,false
906,Sree Sree Kali Mondir Banibari Shahebkhan,,,,24.522959,89.975332,Hindu place of worship listed in OpenStreetMap.,,Temple,,,,,[],[],false,false
907,Sree Sree Lakshmi Narayan Temple,,,,24.807216,88.945391,Hindu place of worship listed in OpenStreetMap.,,Temple,,,,,[],[],false,false
908,Sree Sree Laxmi Kali Thakur Temple,,Khulna,Khulna,22.520452,89.429732,"Hindu place of worship listed in OpenStreetMap, Khulna.",,Temple,,,,,[],[],false,false
909,Sree Sree Ma Rokto Kumari,,,,22.780660,91.592198,Hindu place of worship listed in OpenStreetMap.,,Temple,,,,,[],[],false,false
910,Sree Sree Madneswar Shiv Mandir,,,"Hatkhola Rd, Dhaka",23.717328,90.421251,Hindu place of worship listed in OpenStreetMap.,,Temple,,,,,[],[],false,false
911,Sree Sree Mohakali & Jora Shiv Mondir,শ্রী শ্রী মহাকালী & জোড়া শিব মন্দির,,,24.414372,88.992188,Hindu place of worship listed in OpenStreetMap.,,Temple,,,,,[],[],false,false
912,SREE SREE NISTARINI KALI MONDIR,,,,22.461419,91.817060,Hindu place of worship listed in OpenStreetMap.,,Temple,,,,,[],[],false,false
913,Sree Sree Notun Kalibari,শ্রীশ্রী নতুন কালিবাড়ি,,,24.490865,91.773712,Hindu place of worship listed in OpenStreetMap.,,Temple,,,,,[],[],false,false
914,Sree Sree Radha Gobindo Sebasram,,Noakhali,Noakhali,22.817661,91.197920,"Hindu place of worship listed in OpenStreetMap, Noakhali.",,Temple,,,,,[],[],false,false
915,Sree Sree Radha Gobindo Temple,,,,24.808255,88.944956,Hindu place of worship listed in OpenStreetMap.,,Temple,,,,,[],[],false,false
916,Sree Sree Radharaman Goswami Sreemondir,,,,24.969590,91.885230,Hindu place of worship listed in OpenStreetMap.,,Temple,,,,,[],[],false,false
917,Sree Sree Ramthakur Dham,,,,22.459697,91.814056,Hindu place of worship listed in OpenStreetMap.,,Temple,,,,,[],[],false,false
918,Sree Sree Shyam Sundar Jiu Palong Horishova Jila Central Temple,শ্রী শ্রী শ্যাম সুন্দর জিউ পালং হরিসভা জেলা কেন্দ্রীয় মন্দির,,,23.219613,90.350002,Hindu place of worship listed in OpenStreetMap.,,Temple,,,,,[],[],false,false
919,Sree Sree Sorbojanin Kali temple,,Khulna,Khulna,22.519404,89.429225,"Hindu place of worship listed in OpenStreetMap, Khulna.",,Temple,,,,,[],[],false,false
920,Sree sree Thakur Anukul Chandra (Regional Temple),,Sunamganj,sunamganj,24.747337,91.239899,"Hindu place of worship listed in OpenStreetMap, sunamganj.",,Temple,,,,,[],[],false,false
921,Sree Sree Tildanga Sarbojonin Temple,,Khulna,Khulna,22.576002,89.473110,"Community (sarbojanin) puja venue listed in OpenStreetMap, Khulna.",,Sarbojonin,,,,,[],[],false,false
922,Sreerampur Para Baroary Mondop,,,,24.676000,89.412337,Hindu place of worship listed in OpenStreetMap.,,Temple,,,,,[],[],false,false
923,Sri Bhuvaneshwari Kali Mandir,,,,25.142887,89.386580,Hindu place of worship listed in OpenStreetMap.,,Temple,,,,,[],[],false,false
924,Sri Gobinda Mandir শ্রীলঙ্কা গোবিন্দ মন্দির,Sri Gobinda Mandir শ্রীলঙ্কা গোবিন্দ মন্দির,,,23.384012,89.378936,Hindu place of worship listed in OpenStreetMap.,,Temple,,,,,[],[],false,false
925,Sri Krishna Temple শ্রী শ্রীকৃষ্ণ মন্দির,Sri Krishna Temple শ্রী শ্রীকৃষ্ণ মন্দির,,,25.858398,88.647845,Hindu place of worship listed in OpenStreetMap.,,Temple,,,,,[],[],false,false
926,Sri Narshingah Dev Mandir,,,,24.885107,90.733987,Hindu place of worship listed in OpenStreetMap.,,Temple,,,,,[],[],false,false
927,Sri Radha Govinda Mandir Belgharia Naogaon,,,"Naogaon - Mohadevpur Hwy, Naogaon",24.863665,88.859393,Hindu place of worship listed in OpenStreetMap.,,Temple,,,,,[],[],false,false
928,Sri Sri Anand Mohan Hari Mandir,,Bhola,Bhola,22.542888,90.736069,"Hindu place of worship listed in OpenStreetMap, Bhola.",,Temple,,,,,[],[],false,false
929,Sri Sri Chouddhat Kali Mandir,,,,26.030003,88.502872,Hindu place of worship listed in OpenStreetMap.,,Temple,,,,,[],[],false,false
930,Sri Sri Durga Mandir,,,,24.565763,90.005228,Hindu place of worship listed in OpenStreetMap.,,Temple,,,,,[],[],false,false
931,Sri Sri Durga Mondir,,,"South Bashbaria, Chattogram",22.539213,91.697933,Hindu place of worship listed in OpenStreetMap.,,Temple,,,,,[],[],false,false
932,Sri Sri Gaur Gadadhor Mandir,,,,23.788880,90.339308,Hindu place of worship listed in OpenStreetMap.,,Temple,,,,,[],[],false,false
933,Sri Sri Gouranga Mohaprabhu Temple,,Dhaka,"499, Ulon Das Para, West Rampura, Dhaka, 1219",23.767482,90.422313,"Hindu place of worship listed in OpenStreetMap, Dhaka.",,Temple,,,,,[],[],false,false
934,Sri Sri Hari Gopal Chand Temple,,Bagerhat,Bagerhat,22.469991,89.715461,"Hindu place of worship listed in OpenStreetMap, Bagerhat.",,Temple,,,,,[],[],false,false
935,Sri Sri Hariguru Chand Combined Matua Bhakta Sangh,,,"Ali Monshi Rd, Chattogram",22.279109,91.777943,Hindu place of worship listed in OpenStreetMap.,,Temple,,,,,[],[],false,false
936,sri sri hori gurmchad shebakendro,,Khulna,Khulna,22.465116,89.383785,"Hindu place of worship listed in OpenStreetMap, Khulna.",,Temple,,,,,[],[],false,false
937,sri sri horiram temple,,Khulna,khulna,22.601294,89.490097,"Hindu place of worship listed in OpenStreetMap, khulna.",,Temple,,,,,[],[],false,false
938,Sri Sri Horiseba Asrom,,,,22.327171,91.103446,Hindu place of worship listed in OpenStreetMap.,,Temple,,,,,[],[],false,false
939,Sri Sri Jagatbondhu Mahaprokash Math,,,,23.718223,90.420555,Hindu place of worship listed in OpenStreetMap.,,Temple,,,,,[],[],false,false
940,Sri Sri Jai Baba Hera Brahmachari International Bhakta Sangh,,,,24.392277,89.999338,Hindu place of worship listed in OpenStreetMap.,,Temple,,,,,[],[],false,false
941,Sri Sri Joy Kali Mondir,,,Chattogram,22.366335,91.775370,Hindu place of worship listed in OpenStreetMap.,,Temple,,,,,[],[],false,false
942,SRI SRI KALACHAD MILAN MANDIR,,,কলেজ রোড,24.820474,92.150458,Hindu place of worship listed in OpenStreetMap.,,Temple,,,,,[],[],false,false
943,Sri Sri Kalakshrudra Shivabari,,,,24.053042,89.870385,Hindu place of worship listed in OpenStreetMap.,,Temple,,,,,[],[],false,false
944,Sri Sri Kali jagadisbari house শ্রী শ্রী জগদীশ্বরী কালী বাড়ী,Sri Sri Kali jagadisbari house শ্রী শ্রী জগদীশ্বরী কালী বাড়ী,,,22.776582,91.571787,Hindu place of worship listed in OpenStreetMap.,,Temple,,,,,[],[],false,false
945,Sri Sri Kali Mandir Bara Hisya Bazar,,,,24.764280,90.254318,Hindu place of worship listed in OpenStreetMap.,,Temple,,,,,[],[],false,false
946,Sri Sri Kali Mondir,,,,24.367639,88.585514,Hindu place of worship listed in OpenStreetMap.,,Temple,,,,,[],[],false,false
947,Sri Sri Kali Temple,,,,25.124843,90.675868,Hindu place of worship listed in OpenStreetMap.,,Temple,,,,,[],[],false,false
948,sri sri kali temple,,,,22.683864,90.355135,Hindu place of worship listed in OpenStreetMap.,,Temple,,,,,[],[],false,false
949,Sri Sri Karunamoyee Kalibari,শ্রী শ্রী করুণাময়ী কালীবাড়ি,,,23.469411,91.181777,Hindu place of worship listed in OpenStreetMap.,,Temple,,,,,[],[],false,false
950,Sri Sri Koiboillanath Shreemad Bhagwat Geeta Shikha Niketon,,,"Mostofa-Hakim College Rd, Chattogram",22.372254,91.771959,Hindu place of worship listed in OpenStreetMap.,,Temple,,,,,[],[],false,false
951,Sri Sri Korunamoyee Kalibari,,,,25.750141,89.254339,Hindu place of worship listed in OpenStreetMap.,,Temple,,,,,[],[],false,false
952,Sri Sri Krishna Temple,,,"EPZ, Chattogram",22.292751,91.779903,Hindu place of worship listed in OpenStreetMap.,,Temple,,,,,[],[],false,false
953,Sri Sri Laxmi Narayan Temple শ্রী শ্রী লক্ষ্মী নারায়ণ মন্দির,Sri Sri Laxmi Narayan Temple শ্রী শ্রী লক্ষ্মী নারায়ণ মন্দির,,,23.103908,91.982382,Hindu place of worship listed in OpenStreetMap.,,Temple,,,,,[],[],false,false
954,Sri Sri Loknath Brahmachari Ashram,,,,23.945140,89.849275,Hindu place of worship listed in OpenStreetMap.,,Temple,,,,,[],[],false,false
955,Sri Sri Loknath Brahmachari Sevasram & Geeta Shiksha Kendra,,,"Sonaichhari, Chattogram",22.465254,91.730321,Hindu place of worship listed in OpenStreetMap.,,Temple,,,,,[],[],false,false
956,Sri Sri Loknath Brammacharii Sebashram,,,,22.458717,91.812126,Hindu place of worship listed in OpenStreetMap.,,Temple,,,,,[],[],false,false
957,Sri Sri Loknath Brammhachari Ashram,বাবা লোকনাথ ব্রহ্মচারী আশ্রম,Baradi Union,,23.705190,90.635597,Hindu place of worship listed in OpenStreetMap and Wikidata.,https://commons.wikimedia.org/wiki/Special:FilePath/%E0%A6%AC%E0%A6%BE%E0%A6%AC%E0%A6%BE_%E0%A6%B2%E0%A7%8B%E0%A6%95%E0%A6%A8%E0%A6%BE%E0%A6%A5_%E0%A6%AC%E0%A7%8D%E0%A6%B0%E0%A6%B9%E0%A7%8D%E0%A6%AE%E0%A6%9A%E0%A6%BE%E0%A6%B0%E0%A7%80_%E0%A6%86%E0%A6%B6%E0%A7%8D%E0%A6%B0%E0%A6%AE.jpg,Temple,,,,,[],[],true,false
958,Sri Sri Loknath Mandir,,,,24.693572,92.180539,Hindu place of worship listed in OpenStreetMap.,,Temple,,,,,[],[],false,false
959,Sri Sri Loknath Mondir,,,,25.102329,91.231025,Hindu place of worship listed in OpenStreetMap.,,Temple,,,,,[],[],false,false
960,Sri Sri Ma Magadeswari Mandir,,,,22.403080,91.865361,Hindu place of worship listed in OpenStreetMap.,,Temple,,,,,[],[],false,false
961,Sri Sri Ma Magdesari Mandir,,,"Bhatiari - Hathazari Link Rd, Bhatiari, Chattogram",22.427653,91.749428,Hindu place of worship listed in OpenStreetMap.,,Temple,,,,,[],[],false,false
962,Sri Sri Magadeswari Mother Temple,,,"CEPZ, Chattogram",22.286331,91.781344,Hindu place of worship listed in OpenStreetMap.,,Temple,,,,,[],[],false,false
963,Sri Sri Mahamaya Bari (Temple),,Mirsharai,Mirsharai,22.806792,91.558054,"Hindu place of worship listed in OpenStreetMap, Mirsharai.",,Temple,,,,,[],[],false,false
964,Sri Sri Mahaprabhu Akhra Telugu,,,,24.702023,92.186346,Hindu place of worship listed in OpenStreetMap.,,Temple,,,,,[],[],false,false
965,Sri Sri Mansa Mandir,,,"Nathpara, Joramtal Foot Overbridge, Sonaichhari, Chattogram",22.495101,91.713976,Hindu place of worship listed in OpenStreetMap.,,Temple,,,,,[],[],false,false
966,Sri Sri May Banga Sathya Dharma Mandir,,,,25.625211,88.643008,Hindu place of worship listed in OpenStreetMap.,,Temple,,,,,[],[],false,false
967,Sri Sri Modonmuhon Temple(Sreepur Jomidr Bari),,Sunamganj,Sunamganj,25.155712,91.133940,"Hindu place of worship listed in OpenStreetMap, Sunamganj.",,Temple,,,,,[],[],false,false
968,Sri Sri Mogdoshori Hindu Temple শ্রী শ্রী মগদ্ধেশ্বরী মন্দির,Sri Sri Mogdoshori Hindu Temple শ্রী শ্রী মগদ্ধেশ্বরী মন্দির,,,22.308920,91.914697,Hindu place of worship listed in OpenStreetMap.,,Temple,,,,,[],[],false,false
969,Sri Sri Mohadeb Ashram And Kali Mondir,,Dhaka,"La -01, Nimtola, East Merul Badda, Dhaka, 1212",23.770520,90.426584,"Hindu place of worship listed in OpenStreetMap, Dhaka.",,Temple,,,,,[],[],false,false
970,"Sri Sri Navagraha Temple, Sultana Mondir, Chattogram",,,,22.531775,91.696845,Hindu place of worship listed in OpenStreetMap.,,Temple,,,,,[],[],false,false
971,Sri Sri Norosingho Akhra(Taligoan),,Sunamganj,Sunamganj,25.154678,91.112425,"Hindu place of worship listed in OpenStreetMap, Sunamganj.",,Temple,,,,,[],[],false,false
972,Sri Sri Norosingho Akhra(Taligoan),,Sunamganj,Sunamganj,25.170189,91.141988,"Hindu place of worship listed in OpenStreetMap, Sunamganj.",,Temple,,,,,[],[],false,false
973,Sri Sri Norsingho Jiur Akhra,,,,24.420889,90.652220,Hindu place of worship listed in OpenStreetMap.,,Temple,,,,,[],[],false,false
974,Sri Sri Pranav Math,,,"Bajitpur, Bhanga - Barisal Hwy",23.181302,90.089430,Hindu place of worship listed in OpenStreetMap.,,Temple,,,,,[],[],false,false
975,"Sri Sri Radha Gobind Sevashram Sarvajanin, Mandir, Devipur, Feni",,,,23.027383,91.362444,Hindu place of worship listed in OpenStreetMap.,,Temple,,,,,[],[],false,false
976,sri sri radha gobindo temple,,Khulna,khulna,22.582750,89.484791,"Hindu place of worship listed in OpenStreetMap, khulna.",,Temple,,,,,[],[],false,false
977,sri sri radha gobindo temple,,Khulna,khulna,22.586268,89.508487,"Hindu place of worship listed in OpenStreetMap, khulna.",,Temple,,,,,[],[],false,false
978,Sri Sri Radha Govinda Temple,,,"Vedorgonj - Shariatpur Rd, Angaria",23.177385,90.292519,Hindu place of worship listed in OpenStreetMap.,,Temple,,,,,[],[],false,false
979,Sri Sri Radha Krishna Mandir,,,"Jon rood, Colonel hat, Colonel Jones Road, Chattogram",22.368547,91.775473,Hindu place of worship listed in OpenStreetMap.,,Temple,,,,,[],[],false,false
980,Sri Sri Radha Krishna Temple,,,,23.892843,90.368448,Hindu place of worship listed in OpenStreetMap.,,Temple,,,,,[],[],false,false
981,Sri Sri Radha Krishna Temple শ্রী শ্রী রাধা কৃষ্ণ মন্দির,Sri Sri Radha Krishna Temple শ্রী শ্রী রাধা কৃষ্ণ মন্দির,,,24.416662,90.445744,Hindu place of worship listed in OpenStreetMap.,,Temple,,,,,[],[],false,false
982,Sri Sri Radha Madon Gopal and Jagannath Temple,,,,25.116581,90.078032,Hindu place of worship listed in OpenStreetMap.,,Temple,,,,,[],[],false,false
983,Sri Sri Radha-Gobinda Mandir,,,,24.392173,88.406770,Hindu place of worship listed in OpenStreetMap.,,Temple,,,,,[],[],false,false
984,Sri Sri Radhagobindo Mondir,শ্রী শ্রী রাধাগোবিন্দ মন্দির,"South Baridhara, Dhaka","Road # 4, South Baridhara, Dhaka, 1212",23.775342,90.431592,"Hindu place of worship listed in OpenStreetMap, South Baridhara, Dhaka.",,Temple,,,,,[],[],false,false
985,Sri Sri Radhakrishna Jeeura Mandir (shrine),,,"Sahajipara, Nandirhat, Hathazari, Chattogram",22.462193,91.814137,Hindu place of worship listed in OpenStreetMap.,,Temple,,,,,[],[],false,false
986,Sri Sri Radhakrishno Mondir,,,"City Corporation Shebok Colony, East Madarbari, Madarbari, Chattogram",22.331512,91.824267,Hindu place of worship listed in OpenStreetMap.,,Temple,,,,,[],[],false,false
987,Sri Sri Radhamadhob Jiu mondir,,,,24.899182,91.855478,Hindu place of worship listed in OpenStreetMap.,,Temple,,,,,[],[],false,false
988,Sri Sri Rakkha Kali Mandir,,,"Mirsharai, Chittagong",22.746219,91.600340,Hindu place of worship listed in OpenStreetMap.,,Temple,,,,,[],[],false,false
989,Sri Sri Raksha Kali Bari,,,"Salimpur, Chattogram",22.370644,91.766158,Hindu place of worship listed in OpenStreetMap.,,Temple,,,,,[],[],false,false
990,Sri Sri Raksha Kali Mata Temple ~ Shankhari Bazar,শ্রী শ্রী রক্ষা কালী মাতা মন্দির ~ শাঁখারী বাজার,Dhaka,"58, 58 Shankhari Bazar Rd, Dhaka, 1100",23.710107,90.408093,"Hindu place of worship listed in OpenStreetMap, Dhaka.",,Temple,,,,,[],[],false,false
991,Sri Sri Raksha Kali Mother Temple,,,"Modina Market Rd, Chattogram",22.285903,91.781494,Hindu place of worship listed in OpenStreetMap.,,Temple,,,,,[],[],false,false
992,Sri Sri Raksha Kalimata Temple,,,"Natore City Bypass, Natore",24.402354,88.971461,Hindu place of worship listed in OpenStreetMap.,,Temple,,,,,[],[],false,false
993,Sri Sri Rakshakali Temple,,,"Sonaichhari, Chattogram",22.498817,91.716186,Hindu place of worship listed in OpenStreetMap.,,Temple,,,,,[],[],false,false
994,Sri Sri Ram Thakur Sebasangh,,,"Hindupara, Chattogram",22.312182,91.788284,Hindu place of worship listed in OpenStreetMap.,,Temple,,,,,[],[],false,false
995,Sri Sri Ramakrishna Ashram,,,"Chittagong - Rangamati Hwy, Raozan, Chattogram",22.535511,91.935257,Hindu place of worship listed in OpenStreetMap.,,Temple,,,,,[],[],false,false
996,Sri Sri Shanta Gauriya Math,,,,26.121202,88.744958,Hindu place of worship listed in OpenStreetMap.,,Temple,,,,,[],[],false,false
997,Sri Sri Sheetala Mother Temple,,,"Unnamed Road, Barabkunda, Chittagong",22.573710,91.670807,Hindu place of worship listed in OpenStreetMap.,,Temple,,,,,[],[],false,false
998,Sri Sri Shib Kali Mondir শ্রী শ্রী শিব কালীমন্দির.মুক্তিযুদ্ধের,Sri Sri Shib Kali Mondir শ্রী শ্রী শিব কালীমন্দির.মুক্তিযুদ্ধের,,,25.044766,88.752658,Hindu place of worship listed in OpenStreetMap.,,Temple,,,,,[],[],false,false
999,Sri Sri Shibaloy Sharshoto Asrom,,Meherpur,Meherpur,23.778889,88.631566,"Hindu place of worship listed in OpenStreetMap, Meherpur.",,Temple,,,,,[],[],false,false
1000,Sri Sri Shidheshwari Kali Temple,,Meherpur,"Meherpur Hospital Road, Meherpur, 7100",23.778009,88.632442,"Hindu place of worship listed in OpenStreetMap, Meherpur.",,Temple,,,,,[],[],false,false
1001,Sri Sri Shiv Mandir,,,"New Road, Dhaka",23.710539,90.423749,Hindu place of worship listed in OpenStreetMap.,,Temple,,,,,[],[],false,false
1002,Sri Sri Shiva Mandir,,,"Bogra - Natore Hwy, Sherkole, Singra, Natore",24.486270,89.099608,Hindu place of worship listed in OpenStreetMap.,,Temple,,,,,[],[],false,false
1003,Sri Sri Shiva Temple শ্রী শ্রী শিব মন্দির,Sri Sri Shiva Temple শ্রী শ্রী শিব মন্দির,,,21.856117,92.060488,Hindu place of worship listed in OpenStreetMap.,,Temple,,,,,[],[],false,false
1004,Sri Sri Shoni Dev Temple,,,,23.709929,90.410769,Hindu place of worship listed in OpenStreetMap.,,Temple,,,,,[],[],false,false
1005,Sri Sri Sitola Mondir,,,"Dharmo Pur, Chattogram",22.668377,91.636775,Hindu place of worship listed in OpenStreetMap.,,Temple,,,,,[],[],false,false
1006,Sri Sri Siv Mondir,,,,24.821253,89.379148,Hindu place of worship listed in OpenStreetMap.,,Temple,,,,,[],[],false,false
1007,Sri Sri Tarkeswari Kali Mandir,,,"Bhatiari, Chattogram",22.422113,91.745257,Hindu place of worship listed in OpenStreetMap.,,Temple,,,,,[],[],false,false
1008,Sri Sri Vishnu Temple,,,"Sheikh Para Rd, Saidpur, Chittagong",22.629444,91.652674,Hindu place of worship listed in OpenStreetMap.,,Temple,,,,,[],[],false,false
1009,Srimad Shawmi Taranandha Mohakali Yogaahsrom,,,,22.401794,91.888233,Hindu place of worship listed in OpenStreetMap.,,Temple,,,,,[],[],false,false
1010,Srirampur Durgamandir Majhipara,,,,23.923625,90.128499,Hindu place of worship listed in OpenStreetMap.,,Temple,,,,,[],[],false,false
1011,SriSri Ramthakur Ashram,,,"Museum, Raozan, Chittagong - Rangamati Hwy, Chattogram",22.533388,91.887727,Hindu place of worship listed in OpenStreetMap.,,Temple,,,,,[],[],false,false
1012,Subhash Chowdhury Bari Vishnu Mandir,,,"Bariadyala, Chattogram",22.667289,91.636838,Hindu place of worship listed in OpenStreetMap.,,Temple,,,,,[],[],false,false
1013,Subidkhali Bazar Hindu Temple,,,"বরিশাল সুবিদখালী সড়ক, Mirzaganj",22.363247,90.216952,Hindu place of worship listed in OpenStreetMap.,,Temple,,,,,[],[],false,false
1014,Sudhir Ghosh Temple,,Jessore,"Jessore, 7400",23.164400,89.215359,"Hindu place of worship listed in OpenStreetMap, Jessore.",,Temple,,,,,[],[],false,false
1015,Sultanpur Boro Bazar Sarbojonin Puja Mondir,,,Boro Bazar,22.707417,89.071311,Community (sarbojanin) puja venue listed in OpenStreetMap.,,Sarbojonin,,,,,[],[],false,false
1016,Sultanpur Shahapara Kalimata Mondir,,,Shahapara Road,22.700261,89.072687,Hindu place of worship listed in OpenStreetMap.,,Temple,,,,,[],[],false,false
1017,Surathnath mondir,,,,23.651049,90.611822,Hindu place of worship listed in OpenStreetMap.,,Temple,,,,,[],[],false,false
1018,Sutrapur Goddess Temple,,,,24.089880,90.200687,Hindu place of worship listed in OpenStreetMap.,,Temple,,,,,[],[],false,false
1019,Suzabad Dahapara Puratan Dev Mandir,,,,24.805579,89.390504,Hindu place of worship listed in OpenStreetMap.,,Temple,,,,,[],[],false,false
1020,Sweeper Colony Durga Temple,,,,25.751571,89.251288,Hindu place of worship listed in OpenStreetMap.,,Temple,,,,,[],[],false,false
1021,Syedpur Haritala Universal Temple,,,"Mohadighi Rd, Naogaon",24.623841,88.968108,Hindu place of worship listed in OpenStreetMap.,,Temple,,,,,[],[],false,false
1022,Tagore Bari Kali Mandir,,,,24.136778,89.896286,Hindu place of worship listed in OpenStreetMap.,,Temple,,,,,[],[],false,false
1023,Taka Tukeya Kali Temple,,Sunamganj,Sunamganj,25.111937,91.195145,"Hindu place of worship listed in OpenStreetMap, Sunamganj.",,Temple,,,,,[],[],false,false
1024,Taka Tukeya Shorbajanin Durga Tample,,Sunamganj,Sunamganj,25.109921,91.196769,"Hindu place of worship listed in OpenStreetMap, Sunamganj.",,Temple,,,,,[],[],false,false
1025,Tala mondir,,,,22.739752,89.259143,Hindu place of worship listed in OpenStreetMap.,,Temple,,,,,[],[],false,false
1026,tali bari monosha mondie,,Khulna,khulna,22.607625,89.448612,"Hindu place of worship listed in OpenStreetMap, khulna.",,Temple,,,,,[],[],false,false
1027,Taltola Puja Mandir,,,,23.783121,90.377902,Hindu place of worship listed in OpenStreetMap.,,Temple,,,,,[],[],false,false
1028,Tample,,Barguna,Barguna,22.075482,90.154206,"Hindu place of worship listed in OpenStreetMap, Barguna.",,Temple,,,,,[],[],false,false
1029,Tapoban Ashram Raozan,,,"Chittagong-Rangamati Road, Raozan, Chattogram",22.533625,91.895060,Hindu place of worship listed in OpenStreetMap.,,Temple,,,,,[],[],false,false
1030,Tapoban Ashram,,,Khagrachhari,23.103461,91.965290,Hindu place of worship listed in OpenStreetMap.,,Temple,,,,,[],[],false,false
1031,Tapoban Shiv Temple,,,"Chatteswari Road, Chattogram",22.350437,91.825156,Hindu place of worship listed in OpenStreetMap.,,Temple,,,,,[],[],false,false
1032,Taraganj Public Shri Shri Durga Mandir,,,,25.664638,89.272762,Hindu place of worship listed in OpenStreetMap.,,Temple,,,,,[],[],false,false
1033,Tarakbrommo Mohanam Sonkirton,,,Satkhira Kaligonj Hayway Road,22.690712,89.051599,Hindu place of worship listed in OpenStreetMap.,,Temple,,,,,[],[],false,false
1034,Tati Bazar Shib Mondir,,,"Rakhal Chandra Basak Lane, Tatibazar",23.710937,90.408634,Hindu place of worship listed in OpenStreetMap.,,Temple,,,,,[],[],false,false
1035,Tatipara Hari Temple,,,,26.145429,88.697828,Hindu place of worship listed in OpenStreetMap.,,Temple,,,,,[],[],false,false
1036,Tatipara Horishova,,,,25.586146,88.632756,Hindu place of worship listed in OpenStreetMap.,,Temple,,,,,[],[],false,false
1037,Teen Mandir,,,,24.896873,91.861476,Hindu place of worship listed in OpenStreetMap.,,Temple,,,,,[],[],false,false
1038,Temple,,,,24.373819,88.561227,Hindu place of worship listed in OpenStreetMap.,,Temple,,,,,[],[],false,false
1039,Temple,,Dhaka - Sylhet Hwy,Dhaka - Sylhet Hwy,23.807063,90.588977,"Hindu place of worship listed in OpenStreetMap, Dhaka - Sylhet Hwy.",,Temple,,,,,[],[],false,false
1040,Temple,,Kurigram,Kurigram,25.637113,89.681029,"Hindu place of worship listed in OpenStreetMap, Kurigram.",,Temple,,,,,[],[],false,false
1041,Temple,,Khulna,Khulna,22.528391,89.482908,"Hindu place of worship listed in OpenStreetMap, Khulna.",,Temple,,,,,[],[],false,false
1042,Temple,,Barguna,Barguna,22.214486,90.074701,"Hindu place of worship listed in OpenStreetMap, Barguna.",,Temple,,,,,[],[],false,false
1043,Temple,,Barguna,Barguna,22.132594,89.921580,"Hindu place of worship listed in OpenStreetMap, Barguna.",,Temple,,,,,[],[],false,false
1044,Temple,,Barguna,Barguna,22.153407,89.913590,"Hindu place of worship listed in OpenStreetMap, Barguna.",,Temple,,,,,[],[],false,false
1045,Temple,,Barguna,Barguna,22.155375,89.918209,"Hindu place of worship listed in OpenStreetMap, Barguna.",,Temple,,,,,[],[],false,false
1046,Temple,,Barguna,Barguna,22.156215,89.923514,"Hindu place of worship listed in OpenStreetMap, Barguna.",,Temple,,,,,[],[],false,false
1047,Temple,,Barguna,Barguna,22.157954,89.930394,"Hindu place of worship listed in OpenStreetMap, Barguna.",,Temple,,,,,[],[],false,false
1048,Temple,,Barguna,Barguna,22.158612,89.947144,"Hindu place of worship listed in OpenStreetMap, Barguna.",,Temple,,,,,[],[],false,false
1049,Temple,,Khulna,Khulna,22.441687,89.453682,"Hindu place of worship listed in OpenStreetMap, Khulna.",,Temple,,,,,[],[],false,false
1050,Temple,,Barguna,Barguna,22.111456,90.037323,"Hindu place of worship listed in OpenStreetMap, Barguna.",,Temple,,,,,[],[],false,false
1051,Temple,,Barguna,Barguna,22.071147,90.038129,"Hindu place of worship listed in OpenStreetMap, Barguna.",,Temple,,,,,[],[],false,false
1052,Temple,,Barguna,Barguna,22.071599,90.151000,"Hindu place of worship listed in OpenStreetMap, Barguna.",,Temple,,,,,[],[],false,false
1053,Temple,,Barguna,Barguna,22.051325,90.140689,"Hindu place of worship listed in OpenStreetMap, Barguna.",,Temple,,,,,[],[],false,false
1054,Temple,,Barguna,Barguna,22.086500,90.150324,"Hindu place of worship listed in OpenStreetMap, Barguna.",,Temple,,,,,[],[],false,false
1055,Temple,,Barguna,Barguna,22.060577,90.131721,"Hindu place of worship listed in OpenStreetMap, Barguna.",,Temple,,,,,[],[],false,false
1056,Temple,,Barguna,Barguna,22.049511,90.135140,"Hindu place of worship listed in OpenStreetMap, Barguna.",,Temple,,,,,[],[],false,false
1057,Temple,,Barguna,Barguna,22.054823,90.117899,"Hindu place of worship listed in OpenStreetMap, Barguna.",,Temple,,,,,[],[],false,false
1058,Temple,,Barguna,Barguna,21.922289,90.073405,"Hindu place of worship listed in OpenStreetMap, Barguna.",,Temple,,,,,[],[],false,false
1059,Temple,,Barguna,Barguna,21.937346,90.067273,"Hindu place of worship listed in OpenStreetMap, Barguna.",,Temple,,,,,[],[],false,false
1060,Temple,,,,22.144383,92.074376,Hindu place of worship listed in OpenStreetMap.,,Temple,,,,,[],[],false,false
1061,Temple,,,,22.821892,89.551818,Hindu place of worship listed in OpenStreetMap.,,Temple,,,,,[],[],false,false
1062,Temple,,Barguna,Barguna,22.088391,90.147843,"Hindu place of worship listed in OpenStreetMap, Barguna.",,Temple,,,,,[],[],false,false
1063,Temple based Children and Public Education Temple,,Khulna,Khulna,22.489194,89.431197,"Hindu place of worship listed in OpenStreetMap, Khulna.",,Temple,,,,,[],[],false,false
1064,Temple Based Education Centre 152023,,,"Bhatiari, Bhatiari Union, Chattogram",22.426648,91.747024,Hindu place of worship listed in OpenStreetMap.,,Temple,,,,,[],[],false,false
1065,Temple Based Education Centre,,,"Saidpur, Chittagong",22.625050,91.655552,Hindu place of worship listed in OpenStreetMap.,,Temple,,,,,[],[],false,false
1066,Temple Based Education Centre,,,"Salimpur, Chattogram",22.372405,91.765358,Hindu place of worship listed in OpenStreetMap.,,Temple,,,,,[],[],false,false
1067,Temple beside the house of Arshad Member,,Khulna,Khulna,22.324505,89.314816,"Hindu place of worship listed in OpenStreetMap, Khulna.",,Temple,,,,,[],[],false,false
1068,Temple of Chandrabati,চন্দ্রাবতী মন্দির,Kishoreganj Sadar Upazila,,24.495556,90.801009,Hindu place of worship listed in OpenStreetMap and Wikidata.,https://commons.wikimedia.org/wiki/Special:FilePath/%E0%A6%9A%E0%A6%A8%E0%A7%8D%E0%A6%A6%E0%A7%8D%E0%A6%B0%E0%A6%BE%E0%A6%AC%E0%A6%A4%E0%A7%80%E0%A6%B0_%E0%A6%AE%E0%A6%A8%E0%A7%8D%E0%A6%A6%E0%A6%BF%E0%A6%B0.jpg,Temple,,,,,[],[],true,false
1069,Temple of Goddess Dunga,,,,25.123954,90.681509,Hindu place of worship listed in OpenStreetMap.,,Temple,,,,,[],[],false,false
1070,Temple Of Naraon Babu,,Barguna,Barguna,22.125604,89.923147,"Hindu place of worship listed in OpenStreetMap, Barguna.",,Temple,,,,,[],[],false,false
1071,Temple of Nitai Gouroshanti,,Bhola,Bhola,22.619109,90.663898,"Hindu place of worship listed in OpenStreetMap, Bhola.",,Temple,,,,,[],[],false,false
1072,Temple of Nitta Nondo,,Bhola,Bhola,22.618123,90.663694,"Hindu place of worship listed in OpenStreetMap, Bhola.",,Temple,,,,,[],[],false,false
1073,Temple of Shiva,,,,23.721639,90.382465,Hindu place of worship listed in OpenStreetMap.,,Temple,,,,,[],[],false,false
1074,Tenglabari Universal Durga Temple,,,,24.075020,90.207971,Hindu place of worship listed in OpenStreetMap.,,Temple,,,,,[],[],false,false
1075,Tetulbariya Sarbo Jonin Kali Mondir,,Bagerhat,Bagerhat,22.441026,89.804164,"Hindu place of worship listed in OpenStreetMap, Bagerhat.",,Temple,,,,,[],[],false,false
1076,Tetultola NoboBrindabon Sorbojonin Mondir,,Khulna,Khulna,22.549365,89.438847,"Hindu place of worship listed in OpenStreetMap, Khulna.",,Temple,,,,,[],[],false,false
1077,Thakur Para Durga Mandir,,,,25.812122,89.127959,Hindu place of worship listed in OpenStreetMap.,,Temple,,,,,[],[],false,false
1078,Thakurer Kacari SarboJonin Durga Mondir,,Bagerhat,Bagerhat,22.473304,89.820528,"Community (sarbojanin) puja venue listed in OpenStreetMap, Bagerhat.",,Sarbojonin,,,,,[],[],false,false
1079,Thanapara Temple,,,,23.911310,89.131474,Hindu place of worship listed in OpenStreetMap.,,Temple,,,,,[],[],false,false
1080,The central Sri Sri Durga Mata Temple কেন্দ্রিয় শ্রী শ্রী দূর্গা মাতা মন্দির,The central Sri Sri Durga Mata Temple কেন্দ্রিয় শ্রী শ্রী দূর্গা মাতা মন্দির,,,25.124414,90.339397,Hindu place of worship listed in OpenStreetMap.,,Temple,,,,,[],[],false,false
1081,Tikarghat Chunapathor Khoni Temple,,Sunamganj,Sunamganj,25.114530,91.105674,"Hindu place of worship listed in OpenStreetMap, Sunamganj.",,Temple,,,,,[],[],false,false
1082,Tildanga Gobinda Temple,,Khulna,Khulna,22.592307,89.465833,"Hindu place of worship listed in OpenStreetMap, Khulna.",,Temple,,,,,[],[],false,false
1083,Tista Tample,,,,26.271989,88.553364,Hindu place of worship listed in OpenStreetMap.,,Temple,,,,,[],[],false,false
1084,Tongabari Universal Durga Temple,,,,23.901660,90.327150,Hindu place of worship listed in OpenStreetMap.,,Temple,,,,,[],[],false,false
1085,Triratno Temple,,,,24.248136,90.798273,Hindu place of worship listed in OpenStreetMap.,,Temple,,,,,[],[],false,false
1086,Tukar Goan Kali temple,,Sunamganj,Sunamganj,25.159160,91.181969,"Hindu place of worship listed in OpenStreetMap, Sunamganj.",,Temple,,,,,[],[],false,false
1087,Tulatuli Rakhain Mandir,,PatuaKhali,Patuakhali,21.930069,90.353574,"Hindu place of worship listed in OpenStreetMap, Patuakhali.",,Temple,,,,,[],[],false,false
1088,Ujirpur Public Kali Temple,,,,25.411779,89.322018,Hindu place of worship listed in OpenStreetMap.,,Temple,,,,,[],[],false,false
1089,Universal Durga Temple Borgao,,Sunamganj,Sunamganj,24.743723,91.176594,"Hindu place of worship listed in OpenStreetMap, Sunamganj.",,Temple,,,,,[],[],false,false
1090,Universal Durga Temple,,,"Kumira, Chattogram",22.510994,91.709800,Hindu place of worship listed in OpenStreetMap.,,Temple,,,,,[],[],false,false
1091,Universal Kali temple borogao,,Sunamganj,Sunamganj,24.740768,91.174620,"Hindu place of worship listed in OpenStreetMap, Sunamganj.",,Temple,,,,,[],[],false,false
1092,Universal Sri Sri Raghunathjiur and Universal Sri Sri Santoshi Matar Mandir,,,,24.757610,90.236275,Hindu place of worship listed in OpenStreetMap.,,Temple,,,,,[],[],false,false
1093,University of Barishal Central Temple,,,,22.658497,90.363706,Hindu place of worship listed in OpenStreetMap.,,Temple,,,,,[],[],false,false
1094,Uthaly Manabkollay Bandhu Sangha,,,,23.846604,89.817494,Hindu place of worship listed in OpenStreetMap.,,Temple,,,,,[],[],false,false
1095,Uttar Amtola Sorbojanin Sree Sree Kali Mondir,,Khulna,Khulna,22.477811,89.577030,"Hindu place of worship listed in OpenStreetMap, Khulna.",,Temple,,,,,[],[],false,false
1096,Uttar Banishanta Sree Sree Kali Mondir,,Khulna,Khulna,22.489016,89.564128,"Hindu place of worship listed in OpenStreetMap, Khulna.",,Temple,,,,,[],[],false,false
1097,Uttara Shivalaya Mahashamshan,,,,26.054992,88.824194,Hindu place of worship listed in OpenStreetMap.,,Temple,,,,,[],[],false,false
1098,Uttor Raghunathpur Durga Temple,,,,25.947785,88.547959,Hindu place of worship listed in OpenStreetMap.,,Temple,,,,,[],[],false,false
1099,Vagba kali temple,,Khulna,Khulna,22.470415,89.345635,"Hindu place of worship listed in OpenStreetMap, Khulna.",,Temple,,,,,[],[],false,false
1100,vagba middle para hori temple,,Khulna,Khulna,22.462850,89.349814,"Hindu place of worship listed in OpenStreetMap, Khulna.",,Temple,,,,,[],[],false,false
1101,vagba south para durga temple,,Khulna,Khulna,22.454933,89.354167,"Hindu place of worship listed in OpenStreetMap, Khulna.",,Temple,,,,,[],[],false,false
1102,varot sheba asroy moth,,Khulna,khulna,22.578951,89.494143,"Hindu place of worship listed in OpenStreetMap, khulna.",,Temple,,,,,[],[],false,false
1103,Vatodara Kali Mondir,রীঁ শ্রী শ্রী ভাটোদাঁড়া কালি মন্দির,,,24.434064,89.007473,Hindu place of worship listed in OpenStreetMap.,,Temple,,,,,[],[],false,false
1104,Veradohor purba hati sri sri shonaton ghoshai akhra. length 25 feet,,Sunamganj,Sunamganj,24.634805,91.298194,"Hindu place of worship listed in OpenStreetMap, Sunamganj.",,Temple,,,,,[],[],false,false
1105,Vhadsha Sannyastala Temple,,,Joypurhat,25.069544,88.984571,Hindu place of worship listed in OpenStreetMap.,,Temple,,,,,[],[],false,false
1106,Vishahari Devi Mandir,,,,24.683588,92.180183,Hindu place of worship listed in OpenStreetMap.,,Temple,,,,,[],[],false,false
1107,Vishahari Thakur Mandir,,,,26.138125,88.723433,Hindu place of worship listed in OpenStreetMap.,,Temple,,,,,[],[],false,false
1108,Vishnu Mandir,,,,23.036660,89.632572,Hindu place of worship listed in OpenStreetMap.,,Temple,,,,,[],[],false,false
1109,Vishnu Temple বিষ্ণু মন্দির,Vishnu Temple বিষ্ণু মন্দির,,,25.859862,88.649874,Hindu place of worship listed in OpenStreetMap.,,Temple,,,,,[],[],false,false
1110,Vita Vhanga Sorbo Janin Kali Temple,,Khulna,Khulna,22.535614,89.482457,"Hindu place of worship listed in OpenStreetMap, Khulna.",,Temple,,,,,[],[],false,false
1111,Vita Vhanga Sorbo Janin Kali Temple,,Khulna,Khulna,22.523166,89.450201,"Hindu place of worship listed in OpenStreetMap, Khulna.",,Temple,,,,,[],[],false,false
1112,Volanath shitti Seba-archom,,,,24.392437,89.996795,Hindu place of worship listed in OpenStreetMap.,,Temple,,,,,[],[],false,false
1113,West Gangkul Universal Puja Temple,,,,24.654800,92.164765,Hindu place of worship listed in OpenStreetMap.,,Temple,,,,,[],[],false,false
1114,west hadda hori templee,,Khulna,Khulna,22.471759,89.368597,"Hindu place of worship listed in OpenStreetMap, Khulna.",,Temple,,,,,[],[],false,false
1115,west hadda shib and monosha tempple,,Khulna,Khulna,22.469827,89.370689,"Hindu place of worship listed in OpenStreetMap, Khulna.",,Temple,,,,,[],[],false,false
1116,west hadda temple,,Khulna,Khulna,22.468782,89.372091,"Hindu place of worship listed in OpenStreetMap, Khulna.",,Temple,,,,,[],[],false,false
1117,West Taluker Char Duyani Radha Gobindo Mondir,,Barguna,Barguna,22.140037,89.933728,"Hindu place of worship listed in OpenStreetMap, Barguna.",,Temple,,,,,[],[],false,false
1118,Yogipara Kali Temple,যোগিপাড়া কালী মন্দির,,,25.669549,89.036728,Hindu place of worship listed in OpenStreetMap.,,Temple,,,,,[],[],false,false
1119,আঙ্গিনা বাড়ির মন্দির,আঙ্গিনা বাড়ির মন্দির,,,22.317046,91.161612,Hindu place of worship listed in OpenStreetMap.,,Temple,,,,,[],[],false,false
1120,আমবাড়ী শিল্পীপাড়া মন্দির আমবাড়ী শিল্পীপাড়া মন্দির,আমবাড়ী শিল্পীপাড়া মন্দির আমবাড়ী শিল্পীপাড়া মন্দির,,,25.549146,88.838940,Hindu place of worship listed in OpenStreetMap.,,Temple,,,,,[],[],false,false
1121,আর্য ধর্ম সভা মন্দির,আর্য ধর্ম সভা মন্দির,Khulna,Khulna,22.815569,89.563951,"Hindu place of worship listed in OpenStreetMap, Khulna.",,Temple,,,,,[],[],false,false
1122,উত্তর বাংলা সারস্বত আশ্রম - বগুড়া,উত্তর বাংলা সারস্বত আশ্রম - বগুড়া,,,24.853023,89.375496,Hindu place of worship listed in OpenStreetMap.,,Temple,,,,,[],[],false,false
1123,ঋষি ধামের মহারাজের বিশ্রামাগার,ঋষি ধামের মহারাজের বিশ্রামাগার,,,22.080975,91.938344,Hindu place of worship listed in OpenStreetMap.,,Temple,,,,,[],[],false,false
1124,ঋষিধাম ধ্যান মন্দির,ঋষিধাম ধ্যান মন্দির,,,22.081101,91.937816,Hindu place of worship listed in OpenStreetMap.,,Temple,,,,,[],[],false,false
1125,কারকুনবাড়ি কালী মন্দির,কারকুনবাড়ি কালী মন্দির,,,24.455992,90.526405,Hindu place of worship listed in OpenStreetMap.,,Temple,,,,,[],[],false,false
1126,কালি মন্দির,কালি মন্দির,,,23.549863,89.167355,Hindu place of worship listed in OpenStreetMap.,,Temple,,,,,[],[],false,false
1127,কালি মন্দির,কালি মন্দির,,,23.185130,90.397267,Hindu place of worship listed in OpenStreetMap.,,Temple,,,,,[],[],false,false
1128,কালিবাড়ি মন্দির,কালিবাড়ি মন্দির,Nilphamari,"নীলফামারী - ডোমার মহাসড়ক, Nilphamari",25.937897,88.849419,"Hindu place of worship listed in OpenStreetMap, Nilphamari.",,Temple,,,,,[],[],false,false
1129,কালিবাড়ি মন্দির,কালিবাড়ি মন্দির,,,22.885814,89.508961,Hindu place of worship listed in OpenStreetMap.,,Temple,,,,,[],[],false,false
1130,কালী মন্দির,কালী মন্দির - Hindu Temple,,,22.901297,91.531503,Hindu place of worship listed in OpenStreetMap.,,Temple,,,,,[],[],false,false
1131,কালীবাড়ী মন্দির,কালীবাড়ী মন্দির,,Hospital Rd,22.155558,90.132297,Hindu place of worship listed in OpenStreetMap.,,Temple,,,,,[],[],false,false
1132,কালীবাড়ী মন্দির মিঠাপুকুর,কালীবাড়ী মন্দির মিঠাপুকুর,"Mithapukur, Rangpur","মিঠাপুকুর, রংপুর, Rangpur to Dhaka Road, Mithapukur, Rangpur, 5460",25.573083,89.274805,"Hindu place of worship listed in OpenStreetMap, Mithapukur, Rangpur.",,Temple,,,,,[],[],false,false
1133,কাশিমপুর কেন্দ্রীয় মহাশ্মশান,কাশিমপুর কেন্দ্রীয় মহাশ্মশান,Natore,"বড়হরিশপুর, Natore, 6400",24.406047,89.014347,"Hindu place of worship listed in OpenStreetMap, Natore.",,Temple,,,,,[],[],false,false
1134,কুজাইল কাশিমপুর দুর্গা মন্দির,কুজাইল কাশিমপুর দুর্গা মন্দির,,,24.715910,88.921252,Hindu place of worship listed in OpenStreetMap.,,Temple,,,,,[],[],false,false
1135,কুলাই বাড়ী পূজা মণ্ডপ,কুলাই বাড়ী পূজা মণ্ডপ,,,24.408799,90.654265,Hindu place of worship listed in OpenStreetMap.,,Temple,,,,,[],[],false,false
1136,দিঘাপতিয়া শ্রী শ্রী প্রসন্ন কালী ও কৃষ্ণ জিউ মন্দির,দিঘাপতিয়া শ্রী শ্রী প্রসন্ন কালী ও কৃষ্ণ জিউ মন্দির,,,24.437584,89.013061,Hindu place of worship listed in OpenStreetMap.,,Temple,,,,,[],[],false,false
1137,গুপিনাথ মন্দির,গুপিনাথ মন্দির,,,24.420503,88.991108,Hindu place of worship listed in OpenStreetMap.,,Temple,,,,,[],[],false,false
1138,গোপাল জিউর মন্দির,গোপাল জিউর মন্দির,,,25.089403,90.191343,Hindu place of worship listed in OpenStreetMap.,,Temple,,,,,[],[],false,false
1139,গোপাল নগর মন্দির,গোপাল নগর মন্দির,"Faridpur, Pabna","Bhungura - Baghabari Rd, Faridpur, Pabna",24.161350,89.457231,"Hindu place of worship listed in OpenStreetMap, Faridpur, Pabna.",,Temple,,,,,[],[],false,false
1140,গোল্ডেন ক্লাব পূজা মণ্ডপ,গোল্ডেন ক্লাব পূজা মণ্ডপ,,,23.161103,89.214804,Hindu place of worship listed in OpenStreetMap.,,Temple,,,,,[],[],false,false
1141,গোসাই মন্দির,গোসাই মন্দির,,,23.158952,91.151129,Hindu place of worship listed in OpenStreetMap.,,Temple,,,,,[],[],false,false
1142,গৌরাঙ্গ মহাপ্রভুর আখড়া,গৌরাঙ্গ মহাপ্রভুর আখড়া,,,24.906080,91.847516,Hindu place of worship listed in OpenStreetMap.,,Temple,,,,,[],[],false,false
1143,চণ্ডী মণ্ডপ,চণ্ডী মণ্ডপ,,,24.437626,89.012933,Hindu place of worship listed in OpenStreetMap.,,Temple,,,,,[],[],false,false
1144,চেলোপাড়া সার্বজনীন শীতলা মন্দির,চেলোপাড়া সার্বজনীন শীতলা মন্দির,,,24.849510,89.377182,Community (sarbojanin) puja venue listed in OpenStreetMap.,,Sarbojonin,,,,,[],[],false,false
1145,জগন্নাথ মন্দির,জগন্নাথ মন্দির,,,22.124275,91.918202,Hindu place of worship listed in OpenStreetMap.,,Temple,,,,,[],[],false,false
1146,জননী সংসদ,জননী সংসদ,Dhaka - Sylhet Hwy,Dhaka - Sylhet Hwy,24.272969,91.478227,"Hindu place of worship listed in OpenStreetMap, Dhaka - Sylhet Hwy.",,Temple,,,,,[],[],false,false
1147,জেলেখালী সার্বজনীন মন্দির,জেলেখালী সার্বজনীন মন্দির,,,22.255577,89.153494,Community (sarbojanin) puja venue listed in OpenStreetMap.,,Sarbojonin,,,,,[],[],false,false
1148,ঝুলন মন্দির,ঝুলন মন্দির,"Dhaka - Sylhet Hwy, Madhabpur","Dhaka - Sylhet Hwy, Madhabpur",24.095384,91.289621,"Hindu place of worship listed in OpenStreetMap, Dhaka - Sylhet Hwy, Madhabpur.",,Temple,,,,,[],[],false,false
1149,ঠাকুর মন্দির,ঠাকুর মন্দির,,,22.234274,91.138008,Hindu place of worship listed in OpenStreetMap.,,Temple,,,,,[],[],false,false
1150,তারকেশ্বর মন্দির,তারকেশ্বর মন্দির,,,24.419064,88.992355,Hindu place of worship listed in OpenStreetMap.,,Temple,,,,,[],[],false,false
1151,দত্তগ্রাম কালি মন্দির,দত্তগ্রাম কালি মন্দির,Sylhet,"Zakiganj, Sylhet",24.901854,92.189202,"Hindu place of worship listed in OpenStreetMap, Sylhet.",,Temple,,,,,[],[],false,false
1153,দুর্গা মন্দির,দুর্গা মন্দির,,,24.420123,88.991097,Hindu place of worship listed in OpenStreetMap.,,Temple,,,,,[],[],false,false
1154,দূর্গা মন্দির,দূর্গা মন্দির,,"Kaligonj Bazar, সুবিদখালী সড়ক, Bakergonj, Barisal",22.526267,90.316965,Hindu place of worship listed in OpenStreetMap.,,Temple,,,,,[],[],false,false
1155,ধুমঘাট শীলতলা সার্বজনীন দুর্গা মন্দির,ধুমঘাট শীলতলা সার্বজনীন দুর্গা মন্দির,,,22.264544,89.115824,Community (sarbojanin) puja venue listed in OpenStreetMap.,,Sarbojonin,,,,,[],[],false,false
1156,নবজাগরণ সার্বজনীন শ্রী শ্রী দূর্গা মন্দির,নবজাগরণ সার্বজনীন শ্রী শ্রী দূর্গা মন্দির,,,22.620074,91.656171,Community (sarbojanin) puja venue listed in OpenStreetMap.,,Sarbojonin,,,,,[],[],false,false
1157,নলডাঙ্গা বাজার সার্বজনীন দুর্গা মন্দির,নলডাঙ্গা বাজার সার্বজনীন দুর্গা মন্দির,,,23.438032,89.170115,Community (sarbojanin) puja venue listed in OpenStreetMap.,,Sarbojonin,,,,,[],[],false,false
1158,নাগরপুর কেন্দ্রিয় কালী মন্দ্রির,নাগরপুর কেন্দ্রিয় কালী মন্দ্রির,,,24.057834,89.875558,Hindu place of worship listed in OpenStreetMap.,,Temple,,,,,[],[],false,false
1159,নাগরপুর মহা শ্মশান,নাগরপুর মহা শ্মশান,,,24.060788,89.873317,Hindu place of worship listed in OpenStreetMap.,,Temple,,,,,[],[],false,false
1160,নাপোড়া শেখেরখীল সার্বজনীন কালী মন্দির,নাপোড়া শেখেরখীল সার্বজনীন কালী মন্দির,,,21.932540,91.961712,Community (sarbojanin) puja venue listed in OpenStreetMap.,,Sarbojonin,,,,,[],[],false,false
1161,"নারকেল তলা পূজা মন্দির,কাটিয়া কর্মকার পাড়া।","নারকেল তলা পূজা মন্দির,কাটিয়া কর্মকার পাড়া।",,,22.724709,89.074637,Hindu place of worship listed in OpenStreetMap.,,Temple,,,,,[],[],false,false
1162,নিচু কাতিলা রাধা গোবিন্দ মন্দির,নিচু কাতিলা রাধা গোবিন্দ মন্দির,Rajshahi,"Naga Bazar-Mulivita Road, Rajshahi, 6403",24.571389,88.948158,"Hindu place of worship listed in OpenStreetMap, Rajshahi.",,Temple,,,,,[],[],false,false
1163,নিপেন্দ্র মহাজন বাড়ী কালী মন্দির,নিপেন্দ্র মহাজন বাড়ী কালী মন্দির,,,22.899897,91.532689,Hindu place of worship listed in OpenStreetMap.,,Temple,,,,,[],[],false,false
1164,নিশ্চিন্তপুর শ্রী শ্রী রাধা কৃষ্ণ মন্দির,নিশ্চিন্তপুর শ্রী শ্রী রাধা কৃষ্ণ মন্দির,,,23.987791,90.213928,Hindu place of worship listed in OpenStreetMap.,,Temple,,,,,[],[],false,false
1165,পিপলতলা সার্বজনীন দূর্গা মন্দির,পিপলতলা সার্বজনীন দূর্গা মন্দির,,,25.891119,88.265721,Community (sarbojanin) puja venue listed in OpenStreetMap.,,Sarbojonin,,,,,[],[],false,false
1166,পুরাতন বাজার মন্দির,পুরাতন বাজার মন্দির,,,25.387380,88.987039,Hindu place of worship listed in OpenStreetMap.,,Temple,,,,,[],[],false,false
1167,পূজা মন্দির,পূজা মন্দির,,,23.549371,89.168187,Hindu place of worship listed in OpenStreetMap.,,Temple,,,,,[],[],false,false
1168,পূর্ব রাজাপুর সার্বজনীন রাধা গোবিন্দ মন্দির,পূর্ব রাজাপুর সার্বজনীন রাধা গোবিন্দ মন্দির,বাংলাদেশ,"পূর্ব রাজাপুর, সাতলা, উজিরপুর, বরিশাল, বাংলাদেশ, ৮২৪২",22.868069,90.085195,"Community (sarbojanin) puja venue listed in OpenStreetMap, বাংলাদেশ.",,Sarbojonin,,,,,[],[],false,false
1169,পোস্তগোলা শ্মশান ঘাট,পোস্তগোলা শ্মশান ঘাট,,,23.690397,90.427672,Hindu place of worship listed in OpenStreetMap.,,Temple,,,,,[],[],false,false
1170,ফেরীঘাট মন্দির,ফেরীঘাট মন্দির,Bhairab Bazar,Bhairab Bazar,24.049880,90.991167,"Hindu place of worship listed in OpenStreetMap, Bhairab Bazar.",,Temple,,,,,[],[],false,false
1171,বঙ্গোজ্জ্বল কালী মন্দির,বঙ্গোজ্জ্বল কালী মন্দির,,,24.418685,88.995195,Hindu place of worship listed in OpenStreetMap.,,Temple,,,,,[],[],false,false
1172,"বদলগাছী ছেলেকালি মন্দির, বদলগাছী, নওগাঁ","বদলগাছী ছেলেকালি মন্দির, বদলগাছী, নওগাঁ",,,24.961103,88.909952,Hindu place of worship listed in OpenStreetMap.,,Temple,,,,,[],[],false,false
1173,বরইতলী পূর্ব হিন্দুপাড়া কালী মন্দির।,বরইতলী পূর্ব হিন্দুপাড়া কালী মন্দির।,,,21.832789,92.072661,Hindu place of worship listed in OpenStreetMap.,,Temple,,,,,[],[],false,false
1174,বাংলাদেশ রেলওয়ে সর্বজনীন পূজা মন্দির,বাংলাদেশ রেলওয়ে সর্বজনীন পূজা মন্দির,,,23.738870,90.422978,Community (sarbojanin) puja venue listed in OpenStreetMap.,,Sarbojonin,,,,,[],[],false,false
1175,বান্দেরটেক কালী মন্দির,বান্দেরটেক কালী মন্দির,,,23.985743,90.209040,Hindu place of worship listed in OpenStreetMap.,,Temple,,,,,[],[],false,false
1176,বাসাইল শ্মসান,বাসাইল শ্মসান,,,24.229580,90.055613,Hindu place of worship listed in OpenStreetMap.,,Temple,,,,,[],[],false,false
1177,বাসুদেব অনাথ আশ্রম-Basudeb Orphanage,বাসুদেব অনাথ আশ্রম-Basudeb Orphanage,Chittagong,"nehalpur, nondirhat, chittagong, 4335",22.461068,91.828501,"Hindu place of worship listed in OpenStreetMap, chittagong.",,Temple,,,,,[],[],false,false
1178,মংলা উপজেলা কেন্দ্রীয় মন্দির,মংলা উপজেলা কেন্দ্রীয় মন্দির,,,22.469624,89.614466,Hindu place of worship listed in OpenStreetMap.,,Temple,,,,,[],[],false,false
1179,মগদেশ্বরী মন্দির,মগদেশ্বরী মন্দির,,,22.443045,91.929753,Hindu place of worship listed in OpenStreetMap.,,Temple,,,,,[],[],false,false
1180,মনসা মন্দির,মনসা মন্দির,,,25.860362,88.651941,Hindu place of worship listed in OpenStreetMap.,,Temple,,,,,[],[],false,false
1181,মনসা মন্দির,মনসা মন্দির,,,23.110332,91.077552,Hindu place of worship listed in OpenStreetMap.,,Temple,,,,,[],[],false,false
1182,মন্ডল বারী কালীমন্দির,মন্ডল বারী কালীমন্দির,,,23.018276,90.184518,Hindu place of worship listed in OpenStreetMap.,,Temple,,,,,[],[],false,false
1183,মন্দির,মন্দির,,,22.164884,90.125117,Hindu place of worship listed in OpenStreetMap.,,Temple,,,,,[],[],false,false
1184,মন্দির,মন্দির,,,23.181881,90.388900,Hindu place of worship listed in OpenStreetMap.,,Temple,,,,,[],[],false,false
1185,মন্দির,মন্দির,,Vedorgonj - Shariatpur Road,23.184396,90.390597,Hindu place of worship listed in OpenStreetMap.,,Temple,,,,,[],[],false,false
1186,মন্দির,মন্দির,,,23.158847,91.151997,Hindu place of worship listed in OpenStreetMap.,,Temple,,,,,[],[],false,false
1187,মিঠাপুকুর কেন্দ্রিয় পূজা মন্দির,মিঠাপুকুর কেন্দ্রিয় পূজা মন্দির,,,25.569806,89.274112,Hindu place of worship listed in OpenStreetMap.,,Temple,,,,,[],[],false,false
1188,মির্জাপুর শ্রী শ্রী রাধা কৃষ্ণ মন্দির,মির্জাপুর শ্রী শ্রী রাধা কৃষ্ণ মন্দির,,,23.186066,90.415686,Hindu place of worship listed in OpenStreetMap.,,Temple,,,,,[],[],false,false
1189,মুকুন্দ দাস কালীবাড়ি মন্দির,মুকুন্দ দাস কালীবাড়ি মন্দির,,,22.715713,90.347763,Hindu place of worship listed in OpenStreetMap.,,Temple,,,,,[],[],false,false
1190,মুরারিপুর সার্বজনীন দূর্গাবাড়ী,মুরারিপুর সার্বজনীন দূর্গাবাড়ী,,,22.833479,91.543648,Community (sarbojanin) puja venue listed in OpenStreetMap.,,Sarbojonin,,,,,[],[],false,false
1191,রসুলপুর শ্রী শ্রী ১০৮ স্বামী নিগমানন্দ সারস্বত সংঘাশ্রম,রসুলপুর শ্রী শ্রী ১০৮ স্বামী নিগমানন্দ সারস্বত সংঘাশ্রম,,,25.984375,88.421828,Hindu place of worship listed in OpenStreetMap.,,Temple,,,,,[],[],false,false
1192,রসুলপুর সার্বজনীন দূর্গাপূজা উৎসব কমিটি,রসুলপুর সার্বজনীন দূর্গাপূজা উৎসব কমিটি,,,25.984236,88.422207,Community (sarbojanin) puja venue listed in OpenStreetMap.,,Sarbojonin,,,,,[],[],false,false
1193,রহিমপুর আশ্রম,রহিমপুর আশ্রম,Rahimpur,"Muradnagar - Companiganj Road, Rahimpur",23.638957,90.945810,"Hindu place of worship listed in OpenStreetMap, Rahimpur.",,Temple,,,,,[],[],false,false
1194,রাণী মহল মন্দির,রাণী মহল মন্দির,,,24.420483,88.991296,Hindu place of worship listed in OpenStreetMap.,,Temple,,,,,[],[],false,false
1195,রায়বাড়ি পূজা মণ্ডপ,রায়বাড়ি পূজা মণ্ডপ,,,23.162816,89.215552,Hindu place of worship listed in OpenStreetMap.,,Temple,,,,,[],[],false,false
1196,রীঁ শ্রী শ্রী রক্ষাকালী ও শীতলা মাতার মন্দির,রীঁ শ্রী শ্রী রক্ষাকালী ও শীতলা মাতার মন্দির,,,24.414704,88.990604,Hindu place of worship listed in OpenStreetMap.,,Temple,,,,,[],[],false,false
1197,লগ গেইট কালি বাড়ী মন্দির,লগ গেইট কালি বাড়ী মন্দির,Rangamati,"লগ গেইট, chattogram-kaptai highway, Rangamati, 4533",22.503198,92.209926,"Hindu place of worship listed in OpenStreetMap, Rangamati.",,Temple,,,,,[],[],false,false
1198,লোকনাথ বাবার মন্দির,লোকনাথ বাবার মন্দির,,,24.437590,89.013205,Hindu place of worship listed in OpenStreetMap.,,Temple,,,,,[],[],false,false
1199,শঠিবাড়ি কেন্দ্রিয় শসান মন্দির,শঠিবাড়ি কেন্দ্রিয় শসান মন্দির,,,25.535988,89.284178,Hindu place of worship listed in OpenStreetMap.,,Temple,,,,,[],[],false,false
1200,শঠিবাড়ি সর্বজনীন কেন্দ্রিয় দূর্গা মন্দির,শঠিবাড়ি সর্বজনীন কেন্দ্রিয় দূর্গা মন্দির,,,25.540321,89.283365,Community (sarbojanin) puja venue listed in OpenStreetMap.,,Sarbojonin,,,,,[],[],false,false
1201,শাখারিয়া সাহা পাড়া দূগা মন্দির,শাখারিয়া সাহা পাড়া দূগা মন্দির,,Dhaka - Kuakata Highway,22.240482,90.308745,Hindu place of worship listed in OpenStreetMap.,,Temple,,,,,[],[],false,false
1202,শিব বাড়ি মন্দির,শিব বাড়ি মন্দির,,,22.602316,90.208041,Hindu place of worship listed in OpenStreetMap.,,Temple,,,,,[],[],false,false
1203,শিব মন্দির,শিব মন্দির,,,25.496914,88.958518,Hindu place of worship listed in OpenStreetMap.,,Temple,,,,,[],[],false,false
1204,শিব মন্দির,শিব মন্দির,,,24.437660,89.012822,Hindu place of worship listed in OpenStreetMap.,,Temple,,,,,[],[],false,false
1205,শ্রী মা কালী মন্দির,শ্রী মা কালী মন্দির,,,23.979106,90.203169,Hindu place of worship listed in OpenStreetMap.,,Temple,,,,,[],[],false,false
1206,শ্রী শ্রী আনন্দময়ী কালী মন্দির,শ্রী শ্রী আনন্দময়ী কালী মন্দির,,,24.798015,88.961518,Hindu place of worship listed in OpenStreetMap.,,Temple,,,,,[],[],false,false
1207,শ্রী শ্রী আনন্দময়ী কালীবাড়ি,শ্রী শ্রী আনন্দময়ী কালীবাড়ি,,,22.042589,91.943397,Hindu place of worship listed in OpenStreetMap.,,Temple,,,,,[],[],false,false
1208,শ্রী শ্রী কালী মন্দির,শ্রী শ্রী কালী মন্দির,,,23.762936,90.429740,Hindu place of worship listed in OpenStreetMap.,,Temple,,,,,[],[],false,false
1209,"শ্রী শ্রী কালী মন্দির, হামদহ, ঝিনাইদহ।","শ্রী শ্রী কালী মন্দির, হামদহ, ঝিনাইদহ।",,,23.529475,89.172088,Hindu place of worship listed in OpenStreetMap.,,Temple,,,,,[],[],false,false
1210,শ্রী শ্রী গঞ্জেশ্বরী কালি মাতা মন্দির,শ্রী শ্রী গঞ্জেশ্বরী কালি মাতা মন্দির,,বাগেরহাট সদর হসপিটাল রোড,22.667749,89.789281,Hindu place of worship listed in OpenStreetMap.,,Temple,,,,,[],[],false,false
1211,শ্রী শ্রী গীতা বিদ্যা নিকেতন,শ্রী শ্রী গীতা বিদ্যা নিকেতন,,,24.989275,92.335722,Hindu place of worship listed in OpenStreetMap.,,Temple,,,,,[],[],false,false
1212,শ্রী শ্রী জগন্নাথ মহাপ্রভুর সেবাশ্রম,শ্রী শ্রী জগন্নাথ মহাপ্রভুর সেবাশ্রম,,,22.337969,91.113806,Hindu place of worship listed in OpenStreetMap.,,Temple,,,,,[],[],false,false
1213,শ্রী শ্রী জয় দূর্গা মন্দির,শ্রী শ্রী জয় দূর্গা মন্দির,,,22.821988,90.251025,Hindu place of worship listed in OpenStreetMap.,,Temple,,,,,[],[],false,false
1214,"শ্রী শ্রী ঠাকুর অনুকূল চন্দ্র স​ৎসঙ্গ আশ্রম, আনোয়ারা","শ্রী শ্রী ঠাকুর অনুকূল চন্দ্র স​ৎসঙ্গ আশ্রম, আনোয়ারা",Chittagong,"Anwara, Chittagong, 4376",22.222991,91.911695,"Hindu place of worship listed in OpenStreetMap, Chittagong.",,Temple,,,,,[],[],false,false
1215,শ্রী শ্রী ঠাকুর রামচন্দ্র দেবের সমাধি আশ্রম,শ্রী শ্রী ঠাকুর রামচন্দ্র দেবের সমাধি আশ্রম,,,22.942294,91.121232,Hindu place of worship listed in OpenStreetMap.,,Temple,,,,,[],[],false,false
1216,শ্রী শ্রী দুর্গা & দক্ষিণা কালি টেম্পল,শ্রী শ্রী দুর্গা & দক্ষিণা কালি টেম্পল,,,23.186831,90.415321,Hindu place of worship listed in OpenStreetMap.,,Temple,,,,,[],[],false,false
1217,শ্রী শ্রী নিগমানন্দ সারস্বত আশ্রম,শ্রী শ্রী নিগমানন্দ সারস্বত আশ্রম,,,22.253857,92.009792,Hindu place of worship listed in OpenStreetMap.,,Temple,,,,,[],[],false,false
1218,শ্রী শ্রী প্রসন্ন কালী মন্দির,শ্রী শ্রী প্রসন্ন কালী মন্দির,,,24.437709,89.012711,Hindu place of worship listed in OpenStreetMap.,,Temple,,,,,[],[],false,false
1219,শ্রী শ্রী বিষ্ণু মন্দির,শ্রী শ্রী বিষ্ণু মন্দির,,,22.629451,91.652585,Hindu place of worship listed in OpenStreetMap.,,Temple,,,,,[],[],false,false
1220,শ্রী শ্রী বুড়াকর্তার সমাধি আশ্রম,শ্রী শ্রী বুড়াকর্তার সমাধি আশ্রম,Ramgati,"Lakshmipur - Char Alaxander Rd, Ramgati, 3730",22.682310,90.910209,"Hindu place of worship listed in OpenStreetMap, Ramgati.",,Temple,,,,,[],[],false,false
1221,শ্রী শ্রী যুগল কিশোর মন্দির,শ্রী শ্রী যুগল কিশোর মন্দির,,,24.887938,89.568306,Hindu place of worship listed in OpenStreetMap.,,Temple,,,,,[],[],false,false
1222,শ্রী শ্রী রক্ষা কালী মন্দির,শ্রী শ্রী রক্ষা কালী মন্দির,,,23.445303,89.170043,Hindu place of worship listed in OpenStreetMap.,,Temple,,,,,[],[],false,false
1223,শ্রী শ্রী রক্ষাকালি মন্দির,শ্রী শ্রী রক্ষাকালি মন্দির,,,22.662595,91.632053,Hindu place of worship listed in OpenStreetMap.,,Temple,,,,,[],[],false,false
1224,শ্রী শ্রী রাধা কৃষ্ণ মন্দির,শ্রী শ্রী রাধা কৃষ্ণ মন্দির,,"Rupasdi Rd, Rupasdi",23.786685,90.862651,Hindu place of worship listed in OpenStreetMap.,,Temple,,,,,[],[],false,false
1225,শ্রী শ্রী রাধা গোবিন্দ সেবাশ্রম,শ্রী শ্রী রাধা গোবিন্দ সেবাশ্রম,,,22.337923,91.106416,Hindu place of worship listed in OpenStreetMap.,,Temple,,,,,[],[],false,false
1226,শ্রী শ্রী রাধা মদন গোপাল আশ্রম দাউদপুর,শ্রী শ্রী রাধা মদন গোপাল আশ্রম দাউদপুর,,,24.918933,92.396549,Hindu place of worship listed in OpenStreetMap.,,Temple,,,,,[],[],false,false
1227,শ্রী শ্রী রাধা মাধব সেবাশ্রম,শ্রী শ্রী রাধা মাধব সেবাশ্রম,,,22.339302,91.107449,Hindu place of worship listed in OpenStreetMap.,,Temple,,,,,[],[],false,false
1228,শ্রী শ্রী রাধাঁ গোবিন্দ জিউ বিগ্রহ,শ্রী শ্রী রাধাঁ গোবিন্দ জিউ বিগ্রহ,,,25.346699,89.343340,Hindu place of worship listed in OpenStreetMap.,,Temple,,,,,[],[],false,false
1229,শ্রী শ্রী রাধামাধব সেবাশ্রম,শ্রী শ্রী রাধামাধব সেবাশ্রম,,"Kaligonj Bazar, সুবিদখালী সড়ক, Bakergonj, Barisal",22.527315,90.316605,Hindu place of worship listed in OpenStreetMap.,,Temple,,,,,[],[],false,false
1230,শ্রী শ্রী রাধেশ্যাম মন্দির,শ্রী শ্রী রাধেশ্যাম মন্দির,,"বনিক পট্টি রোড, বাগেরহাট বাজার",22.658831,89.796800,Hindu place of worship listed in OpenStreetMap.,,Temple,,,,,[],[],false,false
1231,"শ্রী শ্রী রামকৃষ্ণ-সারদা সেবাশ্রম​, আনোয়ারা","শ্রী শ্রী রামকৃষ্ণ-সারদা সেবাশ্রম​, আনোয়ারা",Chittagong,"Ramkrishna Mission Road, Anwara, Chittagong, 4376",22.220139,91.913794,"Hindu place of worship listed in OpenStreetMap, Chittagong.",,Temple,,,,,[],[],false,false
1232,শ্রী শ্রী রামেশ্বর শিব মন্দির,শ্রী শ্রী রামেশ্বর শিব মন্দির,Sylhet,Sylhet,25.096050,92.117991,"Hindu place of worship listed in OpenStreetMap, Sylhet.",,Temple,,,,,[],[],false,false
1233,শ্রী শ্রী লক্ষী নারায়ণ সার্বজনীন পৌর কেন্দ্রীয় মন্দির,শ্রী শ্রী লক্ষী নারায়ণ সার্বজনীন পৌর কেন্দ্রীয় মন্দির,,,24.205009,89.002697,Community (sarbojanin) puja venue listed in OpenStreetMap.,,Sarbojonin,,,,,[],[],false,false
1234,"শ্রী শ্রী লোকনাথ ব্রহ্মচারী সেবাশ্রম​, আনোয়ারা","শ্রী শ্রী লোকনাথ ব্রহ্মচারী সেবাশ্রম​, আনোয়ারা",Chittagong,"Anwara, Chittagong, 4376",22.222807,91.910024,"Hindu place of worship listed in OpenStreetMap, Chittagong.",,Temple,,,,,[],[],false,false
1235,শ্রী শ্রী শসান কালি মন্দির,শ্রী শ্রী শসান কালি মন্দির,Sunamganj,Sunamganj,25.055540,91.389933,"Hindu place of worship listed in OpenStreetMap, Sunamganj.",,Temple,,,,,[],[],false,false
1236,"শ্রী শ্রী সত্য নারায়ণ মন্দির, লক্ষনপুর","শ্রী শ্রী সত্য নারায়ণ মন্দির, লক্ষনপুর",,,23.110105,91.076817,Hindu place of worship listed in OpenStreetMap.,,Temple,,,,,[],[],false,false
1237,শ্রী শ্রী হরি গুরুচাঁদ মতুয়া সেবাশ্রম,শ্রী শ্রী হরি গুরুচাঁদ মতুয়া সেবাশ্রম,,Gosai Bari Rd,22.167860,90.120192,Hindu place of worship listed in OpenStreetMap.,,Temple,,,,,[],[],false,false
1238,শ্রী শ্রী হরি মন্দির,শ্রী শ্রী হরি মন্দির,,"Kaligonj Bazar, সুবিদখালী সড়ক, Bakergonj, Barisal",22.525016,90.316176,Hindu place of worship listed in OpenStreetMap.,,Temple,,,,,[],[],false,false
1239,শ্রী শ্রী হরিচাদ সার্বজনীন সেবাশ্রম ও দুর্গা মন্দির,শ্রী শ্রী হরিচাদ সার্বজনীন সেবাশ্রম ও দুর্গা মন্দির,,,22.656041,89.797225,Community (sarbojanin) puja venue listed in OpenStreetMap.,,Sarbojonin,,,,,[],[],false,false
1240,"শ্রী শ্রী হরিমন্দির, পূর্বসায়েড়া, বাগেরহাট","শ্রী শ্রী হরিমন্দির, পূর্বসায়েড়া, বাগেরহাট",,,22.673289,89.729497,Hindu place of worship listed in OpenStreetMap.,,Temple,,,,,[],[],false,false
1241,শ্রীশ্রী মহাপ্রভূর আশ্রম,শ্রীশ্রী মহাপ্রভূর আশ্রম,,,22.995345,91.406221,Hindu place of worship listed in OpenStreetMap.,,Temple,,,,,[],[],false,false
1242,শ্রীশ্রী শীতলা মন্দির,শ্রীশ্রী শীতলা মন্দির,,,22.821890,91.540769,Hindu place of worship listed in OpenStreetMap.,,Temple,,,,,[],[],false,false
1243,সত্য সেবা মন্দির,সত্য সেবা মন্দির,,,22.232713,91.153632,Hindu place of worship listed in OpenStreetMap.,,Temple,,,,,[],[],false,false
1244,"সরস্বতী বাড়ী, আনোয়ারা","সরস্বতী বাড়ী, আনোয়ারা",Chittagong,"Anwara, Chittagong, 4376",22.221456,91.909058,"Hindu place of worship listed in OpenStreetMap, Chittagong.",,Temple,,,,,[],[],false,false
1245,সর্বমঙ্গল্ মন্দির,সর্বমঙ্গল্ মন্দির,,,24.420274,88.991117,Hindu place of worship listed in OpenStreetMap.,,Temple,,,,,[],[],false,false
1246,সাবাই বাজার সার্বজনিন দূর্গা মন্দির,সাবাই বাজার সার্বজনিন দূর্গা মন্দির,,,24.652017,88.661470,Hindu place of worship listed in OpenStreetMap.,,Temple,,,,,[],[],false,false
1247,সার্বজনীন দুর্গাপুজা মন্ডপ,সার্বজনীন দুর্গাপুজা মন্ডপ,,,24.906811,91.848123,Community (sarbojanin) puja venue listed in OpenStreetMap.,,Sarbojonin,,,,,[],[],false,false
1248,"সার্বজনীন শ্রী শ্রী হরি মন্দির, পূর্ব গামছাখালী, খাসের হাট, হাতিয়া, নোয়াখালী","সার্বজনীন শ্রী শ্রী হরি মন্দির, পূর্ব গামছাখালী, খাসের হাট, হাতিয়া, নোয়াখালী",,,22.328081,91.134082,Community (sarbojanin) puja venue listed in OpenStreetMap.,,Sarbojonin,,,,,[],[],false,false
1249,সার্বজনীন শ্রী শ্রী হরিদাস বাবাজীর সেবাশ্রম,সার্বজনীন শ্রী শ্রী হরিদাস বাবাজীর সেবাশ্রম,,,22.291908,91.110286,Community (sarbojanin) puja venue listed in OpenStreetMap.,,Sarbojonin,,,,,[],[],false,false
1250,সীতা কালী মন্দির,সীতা কালী মন্দির,,,22.503312,91.807090,Hindu place of worship listed in OpenStreetMap.,,Temple,,,,,[],[],false,false
1251,স্বরুপকাঠী কেন্দ্রীয় মন্দির,স্বরুপকাঠী কেন্দ্রীয় মন্দির,,,22.746334,90.099700,Hindu place of worship listed in OpenStreetMap.,,Temple,,,,,[],[],false,false
1252,হাপানিয়া বাজার সর্বজনীন দূর্গা পূজা মন্দির।,হাপানিয়া বাজার সর্বজনীন দূর্গা পূজা মন্দির।,,,24.855608,88.887224,Community (sarbojanin) puja venue listed in OpenStreetMap.,,Sarbojonin,,,,,[],[],false,false
1253,হাড়িখালি কবি খোলা শ্রী শ্রী কালিমাতা মন্দির,হাড়িখালি কবি খোলা শ্রী শ্রী কালিমাতা মন্দির,,হাড়িখালি রোড,22.671947,89.785185,Hindu place of worship listed in OpenStreetMap.,,Temple,,,,,[],[],false,false
1254,হিন্দু মন্দির,হিন্দু মন্দির,Sylhet,Sylhet,24.895381,91.889943,"Hindu place of worship listed in OpenStreetMap, Sylhet.",,Temple,,,,,[],[],false,false
1255,Adarsha para mondir Temple,,,,25.737739,89.254483,Place of worship listed in OpenStreetMap with a Hindu name (no religion tag set).,,Temple,,,,,[],[],false,false
1256,Adinath Mondir,,,,21.525920,91.966446,Place of worship listed in OpenStreetMap with a Hindu name (no religion tag set).,,Temple,,,,,[],[],false,false
1257,Anandamayi Kali Temple,"শ্রীশ্রী আনন্দময়ী কালী মন্দির, ব্রাহ্মণবাড়িয়া",,Brahmanbaria,23.977600,91.108000,Hindu temple listed in Wikidata.,https://commons.wikimedia.org/wiki/Special:FilePath/Anandamayi_Kali_Temple%2C_Brahmanbaria_2020.jpg,Temple,,,,,[],[],false,false
1258,Bagharbari Shri Krishna Dham,,,,22.496395,92.084217,Place of worship listed in OpenStreetMap with a Hindu name (no religion tag set).,,Temple,,,,,[],[],false,false
1259,Brahma society temple,"ব্রাহ্ম সমাজ মন্দির, ঢাকা",Dhaka,Dhaka,23.707917,90.410541,"Hindu temple listed in Wikidata, Dhaka.",https://commons.wikimedia.org/wiki/Special:FilePath/%E0%A6%AC%E0%A7%8D%E0%A6%B0%E0%A6%BE%E0%A6%B9%E0%A7%8D%E0%A6%AE%E0%A6%B8%E0%A6%AE%E0%A6%BE%E0%A6%9C%E0%A7%87%E0%A6%B0_%E0%A6%89%E0%A6%AA%E0%A6%BE%E0%A6%B8%E0%A6%A8%E0%A6%BE%E0%A6%B2%E0%A6%AF%E0%A6%BC%2C_%E0%A6%A2%E0%A6%BE%E0%A6%95%E0%A6%BE.jpg,Temple,,,,,[],[],false,false
1260,Central Temple,"কেন্দ্রীয় মন্দির, কারমাইকেল কলেজ",Rangpur,Carmichael College,25.720010,89.252873,"Hindu temple listed in Wikidata, Rangpur.",https://commons.wikimedia.org/wiki/Special:FilePath/Carmichael_College%2C_Saraswati_Puja_2024.jpg,Temple,,,,,[],[],false,false
1261,Chauchala Chhota Govinda Mandir,"ছোট গোবিন্দ মন্দির, পুঠিয়া",,,24.362342,88.832650,Hindu temple listed in Wikidata.,https://commons.wikimedia.org/wiki/Special:FilePath/Chota_Govinda_Temple_2.jpg,Temple,,,,,[],[],false,false
1262,Dimla Kali Mandir,ডিমলা কালী মন্দির,Rangpur Sadar Upazila,,25.871001,88.906931,"Hindu temple listed in Wikidata, Rangpur Sadar Upazila.",https://commons.wikimedia.org/wiki/Special:FilePath/Dimla_Raj_Debottor_Estate%2CRangpur.jpg,Temple,,,,,[],[],false,false
1263,Dokkhimpana Kalimondir,,,,25.113696,90.679806,Place of worship listed in OpenStreetMap with a Hindu name (no religion tag set).,,Temple,,,,,[],[],false,false
1264,Durga Mondir,,,,23.749776,90.363348,Place of worship listed in OpenStreetMap with a Hindu name (no religion tag set).,,Temple,,,,,[],[],false,false
1265,Egaro Shiv Temple,এগারো শিব মন্দির,Jashore District,,23.009747,89.433234,"Hindu temple listed in Wikidata, Jashore District.",https://commons.wikimedia.org/wiki/Special:FilePath/%E0%A6%8F%E0%A6%97%E0%A6%BE%E0%A6%B0%E0%A7%8B_%E0%A6%B6%E0%A6%BF%E0%A6%AC_%E0%A6%AE%E0%A6%A8%E0%A7%8D%E0%A6%A6%E0%A6%BF%E0%A6%B0%E0%A7%87%E0%A6%B0_%E0%A6%95%E0%A6%AF%E0%A6%BC%E0%A7%87%E0%A6%95%E0%A6%9F%E0%A7%80_%E0%A6%AE%E0%A6%A8%E0%A7%8D%E0%A6%A6%E0%A6%BF%E0%A6%B0-%E0%A7%A8.jpg,Temple,,,,,[],[],false,false
1266,Fachika Loknath Mandir,,,,24.722737,90.956894,Place of worship listed in OpenStreetMap with a Hindu name (no religion tag set).,,Temple,,,,,[],[],false,false
1267,Gachbaria Sorbojonin Hori Mondir,,,,22.203122,92.037218,Place of worship listed in OpenStreetMap with a Hindu name (no religion tag set).,,Temple,,,,,[],[],false,false
1268,Gopal Temple,"গোপাল মন্দির, পুঠিয়া",Puthia Temple Complex,Puthia,24.362394,88.835040,"Hindu temple listed in Wikidata, Puthia Temple Complex.",https://commons.wikimedia.org/wiki/Special:FilePath/Gopal_Temple%2C_Puthia_%2801%29.jpg,Temple,,,,,[],[],false,false
1269,Gopinath Jiur Akhra,,,,24.370503,91.415389,Place of worship listed in OpenStreetMap with a Hindu name (no religion tag set).,,Temple,,,,,[],[],false,false
1270,Gopinath Temple,"গোপীনাথ মন্দির, পাবনা",Pabna District,Pabna,24.001500,89.245017,"Hindu temple listed in Wikidata, Pabna District.",,Temple,,,,,[],[],false,false
1271,Govindopur Ma Kali Mondir,,,,23.531350,89.490753,Place of worship listed in OpenStreetMap with a Hindu name (no religion tag set).,,Temple,,,,,[],[],false,false
1272,Hanuman Temple,,,Rangpur Honumantala,25.757793,89.249984,Place of worship listed in OpenStreetMap with a Hindu name (no religion tag set).,,Temple,,,,,[],[],false,false
1273,Hazari Bari Puja Mondop হাজারী বাড়ি পূজা মণ্ডপ,Hazari Bari Puja Mondop হাজারী বাড়ি পূজা মণ্ডপ,,,22.161836,92.065247,Place of worship listed in OpenStreetMap with a Hindu name (no religion tag set).,,Temple,,,,,[],[],false,false
1274,Iskcon Prabartak Sri Krishna Temple,ইসকন প্রবর্তক শ্রীকৃষ্ণ মন্দির,Panchlaish Thana,,22.362326,91.827614,"Hindu temple listed in Wikidata, Panchlaish Thana.",https://commons.wikimedia.org/wiki/Special:FilePath/Nishanmuhuri1.jpg,Temple,,https://www.facebook.com/iskconprabartakofficial,,,[],[],false,false
1275,Jagannath Mandir জগন্নাথ মন্দির,Jagannath Mandir জগন্নাথ মন্দির,,,22.126351,91.916565,Place of worship listed in OpenStreetMap with a Hindu name (no religion tag set).,,Temple,,,,,[],[],false,false
1276,Jagannath Mandir জগন্নাথ মন্দির,Jagannath Mandir জগন্নাথ মন্দির,,,22.738813,91.840203,Place of worship listed in OpenStreetMap with a Hindu name (no religion tag set).,,Temple,,,,,[],[],false,false
1277,Jeshorehwari Kali Temple,যশোরেশ্বরী কালী মন্দির,,,22.306200,89.112800,Hindu temple listed in Wikidata.,,Temple,,,,,[],[],false,false
1278,Joy Kali Temple,জয় কালী মন্দির,,,23.721600,90.416700,Hindu temple listed in Wikidata.,,Temple,,,,,[],[],false,false
1279,kali mondir,,,,23.845613,89.884148,Place of worship listed in OpenStreetMap with a Hindu name (no religion tag set).,,Temple,,,,,[],[],false,false
1280,Kalibari Temple কালীবাড়ি মন্দির,Kalibari Temple কালীবাড়ি মন্দির,,Mymensingh-Kishoreganj Road,24.438309,90.779717,Place of worship listed in OpenStreetMap with a Hindu name (no religion tag set).,,Temple,,,,,[],[],false,false
1281,Kalikapur Fazlitla Eidgah Ground,,,"Kalikapur, Harua, Bonpara, Natore",24.302001,89.078902,Place of worship listed in OpenStreetMap with a Hindu name (no religion tag set).,,Temple,,,,,[],[],false,false
1282,Kaliya jue Temple,কালিয়া জীউ মন্দির,Dinajpur District,,25.790531,88.666738,Hindu temple listed in Wikidata.,https://commons.wikimedia.org/wiki/Special:FilePath/Kaliya_jue_Temple_31.jpg,Temple,,,,,[],[],true,false
1283,Kalyandi Durga Mondir,কল্যান্দী সার্বজনীন দুর্গা মন্দির,Senbagh Upazila,,23.036100,91.519400,"Hindu temple listed in Wikidata, Senbagh Upazila.",,Sarbojonin,,,,,[],[],false,false
1284,Koteshwar Shiva Mandir,কোটেশ্বর শিব মন্দির,Rajarhat Upazila,,25.813118,89.490781,"Hindu temple listed in Wikidata, Rajarhat Upazila.",https://commons.wikimedia.org/wiki/Special:FilePath/Koteshwar_Shiva_Mandir_2023.jpg,Temple,,,,,[],[],false,false
1285,Krishnapur Gobinda Temple,"কৃষ্ণপুর গোবিন্দ মন্দির, পুঠিয়া",,Puthia,24.362401,88.835037,Hindu temple listed in Wikidata.,https://commons.wikimedia.org/wiki/Special:FilePath/Krishnapur_Givinda_Temple%2C_Puthia_01.jpg,Temple,,,,,[],[],false,false
1286,Lalmai Chandi Temple,লালমাই চন্ডী মন্দির,,,23.353300,91.131800,Hindu temple listed in Wikidata.,,Temple,,,,,[],[],false,false
1287,Laxmi Narayan Mandir,"লক্ষ্মী নারায়ণ মন্দির, ঢাকা",,,23.715700,90.411700,Hindu temple listed in Wikidata.,,Temple,,,,,[],[],false,false
1288,Mahilara Sarkar Math,সরকার মঠ,Barishal District,,22.923694,90.245944,"Hindu temple listed in Wikidata, Barishal District.",https://commons.wikimedia.org/wiki/Special:FilePath/%E0%A6%B8%E0%A6%B0%E0%A6%95%E0%A6%BE%E0%A6%B0_%E0%A6%AE%E0%A6%A0_1.jpg,Temple,,,,,[],[],false,false
1289,Majumdar para Durga Bari,,,,22.499310,92.080285,Place of worship listed in OpenStreetMap with a Hindu name (no religion tag set).,,Temple,,,,,[],[],false,false
1290,Muktagachha Shiva temple,আনন্দময়ী যুগল কালী ও শিব মন্দির,Muktagachha Upazila,,24.767400,90.255800,"Hindu temple listed in Wikidata, Muktagachha Upazila.",https://commons.wikimedia.org/wiki/Special:FilePath/%E0%A6%9C%E0%A7%8B%E0%A6%A1%E0%A6%BC%E0%A6%BE_%E0%A6%AE%E0%A6%A8%E0%A7%8D%E0%A6%A6%E0%A6%BF%E0%A6%B0.jpg,Temple,,,,,[],[],false,false
1291,Panchari Shantipur Aranya Kutir,পানিছড়ি শান্তিপুর অরণ্য কুটির,Khagrachhari,,23.259512,91.891073,"Hindu temple listed in Wikidata, Khagrachhari.",https://commons.wikimedia.org/wiki/Special:FilePath/%E0%A6%AC%E0%A7%81%E0%A6%A6%E0%A7%8D%E0%A6%A7_%E0%A6%AE%E0%A7%81%E0%A6%95%E0%A7%8D%E0%A6%A4%E0%A6%BF.JPG,Temple,,,,,[],[],false,false
1292,Pareshnath Temple,"পরেশনাথ মন্দির, রংপুর",Rangpur,Rangpur,25.729800,89.289618,"Hindu temple listed in Wikidata, Rangpur.",https://commons.wikimedia.org/wiki/Special:FilePath/Pareshnath_Temple%2C_Rangpur_10.jpg,Temple,,,,,[],[],false,false
1293,Prabhu Jagadbandhu Shundar Ashram,,,satisbabu line,22.334315,91.838398,Place of worship listed in OpenStreetMap with a Hindu name (no religion tag set).,,Temple,,,,,[],[],false,false
1294,Ramakrishna Ashrama and Ramakrishna Mission Sevashrama,,,"Saturia - Baliati Road, 1811",23.997472,90.040271,Place of worship listed in OpenStreetMap with a Hindu name (no religion tag set).,,Temple,,,,,[],[],false,false
1295,Ramakrishna Mission,,,,23.138236,92.004318,Place of worship listed in OpenStreetMap with a Hindu name (no religion tag set).,,Temple,,,,,[],[],false,false
1296,Ramkot Tirthadham,রামকোট তীর্থধাম,,,21.400932,92.112120,Hindu temple listed in Wikidata.,https://commons.wikimedia.org/wiki/Special:FilePath/%E0%A6%9C%E0%A6%97%E0%A7%8E%E0%A6%9A%E0%A6%A8%E0%A7%8D%E0%A6%A6%E0%A7%8D%E0%A6%B0-%E0%A6%AA%E0%A7%8D%E0%A6%B0%E0%A6%9C%E0%A7%8D%E0%A6%9E%E0%A6%BE%E0%A6%9C%E0%A7%8D%E0%A6%AF%E0%A7%8B%E0%A6%A4%E0%A6%BF-%E0%A6%9A%E0%A6%A8%E0%A7%8D%E0%A6%A6%E0%A7%8D%E0%A6%B0%E0%A6%9C%E0%A7%8D%E0%A6%AF%E0%A7%8B%E0%A6%A4%E0%A6%BF_%E0%A6%B8%E0%A7%8D%E0%A6%AE%E0%A7%83%E0%A6%A4%E0%A6%BF_%E0%A6%AE%E0%A6%A8%E0%A7%8D%E0%A6%A6%E0%A6%BF%E0%A6%B0.jpg,Temple,,,,,[],[],false,false
1297,Rin Sri Sri Jayakali Mother Temple,রীঁ শ্রী শ্রী জয়কালী মাতার মন্দির,Natore District,,24.416059,88.990563,"Hindu temple listed in Wikidata, Natore District.",https://commons.wikimedia.org/wiki/Special:FilePath/%E0%A6%9C%E0%A6%AF%E0%A6%BC%E0%A6%95%E0%A6%BE%E0%A6%B2%E0%A7%80_%E0%A6%AE%E0%A6%BE%E0%A6%A4%E0%A6%BE%E0%A6%B0_%E0%A6%AE%E0%A6%A8%E0%A7%8D%E0%A6%A6%E0%A6%BF%E0%A6%B0_%E0%A7%A7%E0%A7%A7.jpg,Temple,,,,,[],[],false,false
1298,Saraswati Gyan Mandir,সরস্বতী জ্ঞান মন্দির,Chattogram District,,22.483734,91.792911,"Hindu temple listed in Wikidata, Chattogram District.",https://commons.wikimedia.org/wiki/Special:FilePath/Saraswati_Gyan_Mandir_09.jpg,Temple,,,,,[],[],false,false
1299,Senpara Kalirpat,সেনপাড়া কালিরপাঠ,Lalmonirhat District,,25.829586,89.515275,"Hindu temple listed in Wikidata, Lalmonirhat District.",https://commons.wikimedia.org/wiki/Special:FilePath/%E0%A6%B8%E0%A7%87%E0%A6%A8%E0%A6%AA%E0%A6%BE%E0%A6%A1%E0%A6%BC%E0%A6%BE_%E0%A6%95%E0%A6%BE%E0%A6%B2%E0%A6%BF%E0%A6%B0_%E0%A6%AA%E0%A6%BE%E0%A6%A0_%E0%A6%B8%E0%A6%BE%E0%A6%B0%E0%A7%8D%E0%A6%AC%E0%A6%9C%E0%A6%A8%E0%A7%80%E0%A6%A8_%E0%A6%A6%E0%A7%82%E0%A6%B0%E0%A7%8D%E0%A6%97%E0%A6%BE_%E0%A6%AE%E0%A6%A8%E0%A7%8D%E0%A6%A6%E0%A6%BF%E0%A6%B0.jpg,Temple,,,,,[],[],false,false
1300,Shibpur Central Eid Ground,,,"Rajshahi - Pabna Hwy, Natore",24.192774,89.133181,Place of worship listed in OpenStreetMap with a Hindu name (no religion tag set).,,Temple,,,,,[],[],false,false
1301,Shree Shree Kaali Mondir,,,,22.500366,92.077173,Place of worship listed in OpenStreetMap with a Hindu name (no religion tag set).,,Temple,,,,,[],[],false,false
1302,Shree Shree Siddheswari Kalimandir,সিদ্ধেশ্বরী কালী মন্দির,,,23.744000,90.411300,"Hindu temple listed in Wikidata. Named among Dhaka puja venues in 2026 reporting (Bangladesh Pratidin, 5 Oct 2026).",,Temple,,,,,[],[],true,false
1303,Shri Shri Loknath Baba Temple,শ্রী শ্রী লোকনাথ বাবা মন্দির,Dhaka,,23.746261,90.378918,"Hindu temple listed in Wikidata, Dhaka.",https://commons.wikimedia.org/wiki/Special:FilePath/Shri_Shri_Loknath_Baba_Temple_during_puja.jpg,Temple,,,,,[],[],false,false
1304,Sindurmati Tirthadham,সিন্দুরমতি তীর্থধাম,Kurigram District,,25.813059,89.517111,"Hindu temple listed in Wikidata, Kurigram District.",https://commons.wikimedia.org/wiki/Special:FilePath/%E0%A6%B8%E0%A6%BF%E0%A6%A8%E0%A7%8D%E0%A6%A6%E0%A7%81%E0%A6%B0%E0%A6%AE%E0%A6%A4%E0%A6%BF_%E0%A6%A6%E0%A6%BF%E0%A6%98%E0%A6%BF_02.jpg,Temple,,,,,[],[],false,false
1305,Sri Krishna Temple শ্রী কৃষ্ণ মন্দির,Sri Krishna Temple শ্রী কৃষ্ণ মন্দির,,,22.381429,91.764826,Place of worship listed in OpenStreetMap with a Hindu name (no religion tag set).,,Temple,,,,,[],[],false,false
1306,Sri Sri Bura Shivdham,শ্রী শ্রী বুড়া শিবধাম,Dhaka,,23.729500,90.396161,"Hindu temple listed in Wikidata, Dhaka.",https://commons.wikimedia.org/wiki/Special:FilePath/Sri_Sri_Bura_Shivdham_%283%29.jpg,Temple,,,,,[],[],false,false
1307,Sri Sri Mahaprabhu Ashram,,,,22.995388,91.406268,Place of worship listed in OpenStreetMap with a Hindu name (no religion tag set).,,Temple,,,,,[],[],false,false
1308,Sri Sri Radha Govinda and Kali Temple,"শ্রী শ্রী রাধা গোবিন্দ ও কালি মন্দির, পলাশবাড়ী",Palashbari Upazila,Palashbari,25.232552,89.355994,"Hindu temple listed in Wikidata, Palashbari Upazila.",https://commons.wikimedia.org/wiki/Special:FilePath/Sri_Sri_Radha_Govinda_and_Kali_Temple%2C_Palashbari_01.jpg,Temple,,,,,[],[],false,false
1309,Sri Sri Reen Doyamoyee Temple,শ্রী শ্রী রীঁ দয়াময়ী মন্দির,Jamalpur District,,24.923081,89.949875,"Hindu temple listed in Wikidata, Jamalpur District.",https://commons.wikimedia.org/wiki/Special:FilePath/Doyamoyee_Temple%2C_Jamalpur_%2817%29.jpg,Temple,,,,,[],[],false,false
1310,Sugandha Shaktipeeth,সুগন্ধা শক্তিপীঠ,,,22.828600,90.258400,Hindu temple listed in Wikidata.,,Temple,,,,,[],[],false,false
1311,Swami Bagh Temple,স্বামীবাগ মন্দির,,,23.713800,90.423000,Hindu temple listed in Wikidata.,https://commons.wikimedia.org/wiki/Special:FilePath/Swamibag_temple.jpg,Temple,,,,,[],[],false,false
1312,Tarapur Mandir,তারাপুর মন্দির,,,24.371000,88.814300,Hindu temple listed in Wikidata.,,Temple,,,,,[],[],false,false
1313,Temple Dhaka North Metropolitan City,,,"PSC Convention hall road, 1216",23.804944,90.379813,Place of worship listed in OpenStreetMap with a Hindu name (no religion tag set).,,Temple,,,,,[],[],false,false
1314,Thakur Dhigi Circle,,"Mirshari, Chittagong","Thakurdhigi, Mirshari, Dhaka–Chittagong Highway, Mirshari, Chittagong",22.817859,91.554511,"Place of worship listed in OpenStreetMap with a Hindu name (no religion tag set), Mirshari, Chittagong.",,Temple,,,,,[],[],false,false
1315,Tongi Bazar Durga Mondir,,,,23.882658,90.403491,Place of worship listed in OpenStreetMap with a Hindu name (no religion tag set).,,Temple,,,,,[],[],false,false
1316,উত্তর বাঁশবাড়ীয়া রক্ষা কালী মন্দির,উত্তর বাঁশবাড়ীয়া রক্ষা কালী মন্দির,,,22.556171,91.683965,Place of worship listed in OpenStreetMap with a Hindu name (no religion tag set).,,Temple,,,,,[],[],false,false
1317,কেন্দ্রিয় শ্রী শ্রী শিব মন্দির,কেন্দ্রিয় শ্রী শ্রী শিব মন্দির,নীলফামারী,নীলফামারী,25.932138,88.854639,"Place of worship listed in OpenStreetMap with a Hindu name (no religion tag set), নীলফামারী.",,Temple,,,,,[],[],false,false
1318,"কেন্দ্রীয় মন্দির, চট্রগ্রাম বিশ্ববিদ্যালয়","কেন্দ্রীয় মন্দির, চট্রগ্রাম বিশ্ববিদ্যালয়",,,22.483643,91.792638,Place of worship listed in OpenStreetMap with a Hindu name (no religion tag set).,,Temple,,,,,[],[],false,false
1319,পাইকগাছা পৌরসভা কেন্দ্রীয় মন্দির,পাইকগাছা পৌরসভা কেন্দ্রীয় মন্দির,Khulna District,,22.588717,89.318921,"Hindu temple listed in Wikidata, Khulna District.",,Temple,,,,,[],[],false,false
1320,পাকুড়িয়া সার্বজনীন দূর্গা মন্দির,পাকুড়িয়া সার্বজনীন দূর্গা মন্দির,,,22.922699,89.098356,Place of worship listed in OpenStreetMap with a Hindu name (no religion tag set).,,Sarbojonin,,,,,[],[],false,false
1321,বাড়বকুণ্ড তীর্থধাম,বাড়বকুণ্ড তীর্থধাম,Chattogram District,,22.582535,91.701704,"Hindu temple listed in Wikidata, Chattogram District.",,Temple,,,,,[],[],false,false
1322,ভরতখালী কাষ্ঠ কালী মন্দির,ভরতখালী কাষ্ঠ কালী মন্দির,Gaibandha District,,25.167783,89.586334,"Hindu temple listed in Wikidata, Gaibandha District.",,Temple,,,,,[],[],false,false
1323,মন্দির,মন্দির,,,22.877935,89.508861,Place of worship listed in OpenStreetMap with a Hindu name (no religion tag set).,,Temple,,,,,[],[],false,false
1324,রীঁ শ্রী শ্রী করুণাময়ী কালীবাড়ি,রীঁ শ্রী শ্রী করুণাময়ী কালীবাড়ি,Rangpur,,25.750189,89.254211,"Hindu temple listed in Wikidata, Rangpur.",https://commons.wikimedia.org/wiki/Special:FilePath/%E0%A6%95%E0%A6%B0%E0%A7%81%E0%A6%A3%E0%A6%BE%E0%A6%AE%E0%A6%AF%E0%A6%BC%E0%A7%80_%E0%A6%95%E0%A6%BE%E0%A6%B2%E0%A7%80%E0%A6%AC%E0%A6%BE%E0%A6%A1%E0%A6%BC%E0%A6%BF_%E0%A6%B0%E0%A6%82%E0%A6%AA%E0%A7%81%E0%A6%B0.jpg,Temple,,,,,[],[],false,false
1325,"শ্রী শ্রী গোপীনাথ জিউর মন্দির, কুষ্টিয়া","শ্রী শ্রী গোপীনাথ জিউর মন্দির, কুষ্টিয়া",Kushtia District,,23.905804,89.135805,"Hindu temple listed in Wikidata, Kushtia District.",,Temple,,,,,[],[],false,false
1326,"শ্রী শ্রী রাধা গোপীনাথ মন্দির, গড়েয়া","শ্রী শ্রী রাধা গোপীনাথ মন্দির, গড়েয়া",Thakurgaon District,,26.058522,88.588981,"Hindu temple listed in Wikidata, Thakurgaon District.",,Temple,,,,,[],[],false,false
1327,শ্রী শ্রী রাধামাধব জিউর মন্দির,শ্রী শ্রী রাধামাধব জিউর মন্দির,Chattogram District,,22.944842,91.121768,"Hindu temple listed in Wikidata, Chattogram District.",,Temple,,,,,[],[],false,false
1328,শ্রী শ্রী রাধারমন সেবাশ্রম,শ্রী শ্রী রাধারমন সেবাশ্রম,,,22.494560,92.080349,Place of worship listed in OpenStreetMap with a Hindu name (no religion tag set).,,Temple,,,,,[],[],false,false
1329,শ্রীশ্রী রাধা-গিরিধারী মন্দির,শ্রীশ্রী রাধা-গিরিধারী মন্দির,Lalmonirhat District,,25.921565,89.474732,"Hindu temple listed in Wikidata, Lalmonirhat District.",https://commons.wikimedia.org/wiki/Special:FilePath/%E0%A6%87%E0%A6%B8%E0%A6%95%E0%A6%A8_%E0%A6%B2%E0%A6%BE%E0%A6%B2%E0%A6%AE%E0%A6%A8%E0%A6%BF%E0%A6%B0%E0%A6%B9%E0%A6%BE%E0%A6%9F.jpg,Temple,,,,,[],[],false,false
1330,সাবেক রাঙ্গুনীইয়া শ্রী শ্রী অনুকূলচন্দ্র সৎ সঙ্গ আশ্রম,সাবেক রাঙ্গুনীইয়া শ্রী শ্রী অনুকূলচন্দ্র সৎ সঙ্গ আশ্রম,,,22.498171,92.082564,Place of worship listed in OpenStreetMap with a Hindu name (no religion tag set).,,Temple,,,,,[],[],false,false
1331,হরিণমারী শিব মন্দির,হরিণমারী শিব মন্দির,Thakurgaon District,,26.134612,88.223974,"Hindu temple listed in Wikidata, Thakurgaon District.",,Temple,,,,,[],[],false,false
1332,Rishipara Durga Mandir,ঋষিপাড়া দুর্গা মন্দির,"Lalbagh, Dhaka",,,,"Named among Dhaka puja venues in 2026 reporting (Bangladesh Pratidin, 5 Oct 2026). No coordinates found in OpenStreetMap, so no map point.",,Temple,,,,,[],[],false,false
1333,Swamibagh Lokenath Mandir,স্বামীবাগ লোকনাথ মন্দির,"Swamibagh, Dhaka",,,,"Named among Dhaka puja venues in 2026 reporting (Bangladesh Pratidin, 5 Oct 2026). No coordinates found in OpenStreetMap, so no map point.",,Temple,,,,,[],[],false,false
1334,Ma Anandamayee Ashram,মা আনন্দময়ী আশ্রম,Dhaka,,,,"Named among Dhaka puja venues in 2026 reporting (Bangladesh Pratidin, 5 Oct 2026). No coordinates found in OpenStreetMap, so no map point.",,Temple,,,,,[],[],false,false
